Date,Sea Level
1968.5,7416
1968.58333,7475
1968.66666,
1968.74999,
1968.83332,
1968.91665,
1968.99998,
1969.08331,
1969.16664,
1969.24997,
1969.3333,7372
1969.41663,7333
1969.49996,7271
1969.58329,7253
1969.66662,7235
1969.74995,7276
1969.83328,7268
1969.91661,7202
1969.99994,7271
1970.08327,7340
1970.1666,7370
1970.24993,7383
1970.33326,7333
1970.41659,7315
1970.49992,7348
1970.58325,7332
1970.66658,7359
1970.74991,7364
1970.83324,7387
1970.91657,7401
1970.9999,7464
1971.08323,
1971.16656,7497
1971.24989,7430
1971.33322,7395
1971.41655,7402
1971.49988,7363
1971.58321,7377
1971.66654,7407
1971.74987,7403
1971.8332,7363
1971.91653,7296
1971.99986,7350
1972.08319,7377
1972.16652,7378
1972.24985,7318
1972.33318,7215
1972.41651,
1972.49984,7200
1972.58317,7161
1972.6665,7164
1972.74983,7176
1972.83316,7072
1972.91649,7045
1972.99982,7051
1973.08315,7203
1973.16648,7378
1973.24981,7311
1973.33314,7303
1973.41647,7298
1973.4998,7317
1973.58313,
1973.66646,7322
1973.74979,7314
1973.83312,7323
1973.91645,
1973.99978,
1974.08311,
1974.16644,7416
1974.24977,7356
1974.3331,
1974.41643,
1974.49976,
1974.58309,7344
1974.66642,7358
1974.74975,7402
1974.83308,
1974.91641,7370
1974.99974,7333
1975.08307,7339
1975.1664,7418
1975.24973,7429.5
1975.33306,7396
1975.41639,7389
1975.49972,7371
1975.58305,7372
1975.66638,7404.5
1975.74971,7448
1975.83304,7463
1975.91637,7453.5
1975.9997,7458
1976.08303,7420.5
1976.16636,7410.5
1976.24969,7383.5
1976.33302,7375.5
1976.41635,7320
1976.49968,7277.5
1976.58301,7240
1976.66634,7274.5
1976.74967,7339
1976.833,7367.5
1976.91633,7329.5
1976.99966,7271.5
1977.08299,7345
1977.16632,7391
1977.24965,7375
1977.33298,7351
1977.41631,7283.5
1977.49964,7223
1977.58297,7209
1977.6663,7179.5
1977.74963,7189
1977.83296,7201
1977.91629,7175
1978.0416,7155
1978.125,7143
1978.2084,7192
1978.2916,7282
1978.375,7349
1978.4584,7325
1978.5416,7305
1978.625,7271
1978.7084,7268
1978.7916,7275
1978.875,7279
1978.9584,7281
1979.0416,7220
1979.125,7242
1979.2084,7337
1979.2916,7329
1979.375,7330
1979.4584,
1979.5416,
1979.625,
1979.7084,
1979.7916,7248
1979.875,7244
1979.9584,7223
1980.0416,7255
1980.125,7283
1980.2084,7341
1980.2916,7228
1980.375,7216
1980.4584,7228
1980.5416,7180
1980.625,7208
1980.7084,7204
1980.7916,7267
1980.875,7293
1980.9584,7266
1981.0416,7324
1981.125,7340
1981.2084,7292
1981.2916,7321
1981.375,7274
1981.4584,7286
1981.5416,7259
1981.625,7242
1981.7084,7266
1981.7916,7286
1981.875,7342
1981.9584,7318
1982.0416,7325
1982.125,7405
1982.2084,7403
1982.2916,7390
1982.375,7340
1982.4584,7314
1982.5416,7204
1982.625,7183
1982.7084,7160
1982.7916,7148
1982.875,7149
1982.9584,7141
1983.0416,7120
1983.125,7075
1983.2084,7055
1983.2916,7057
1983.375,7006
1983.4584,6942
1983.5416,6901
1983.625,6944
1983.7084,7047
1983.7916,7119
1983.875,7158
1983.9584,7234
1984.0416,7344
1984.125,7459
1984.2084,7468
1984.2916,7408
1984.375,7367
1984.4584,7257
1984.5416,7160
1984.625,7187
1984.7084,7185
1984.7916,7180
1984.875,7199
1984.9584,7322
1985.0416,7302
1985.125,7386
1985.2084,7302
1985.2916,7416
1985.375,7371
1985.4584,7314
1985.5416,7303
1985.625,7258
1985.7084,7288
1985.7916,7303
1985.875,7322
1985.9584,7311
1986.0416,7334
1986.125,7372
1986.2084,7438
1986.2916,7457
1986.375,7381
1986.4584,7324
1986.5416,7280
1986.625,7250
1986.7084,7238
1986.7916,7252
1986.875,7296
1986.9584,7191
1987.0416,7139
1987.125,7168
1987.2084,7113
1987.2916,7084
1987.375,7065
1987.4584,7031
1987.5416,7039
1987.625,7079
1987.7084,7086
1987.7916,7141
1987.875,7192
1987.9584,7221
1988.0416,7171
1988.125,7187
1988.2084,7317
1988.2916,7377
1988.375,7355
1988.4584,7318
1988.5416,7303
1988.625,7299
1988.7084,7294
1988.7916,7301
1988.875,7372
1988.9584,7403
1989.0416,7420
1989.125,7491
1989.2084,7468
1989.2916,7484
1989.375,7430
1989.4584,7320
1989.5416,7313
1989.625,7305
1989.7084,7320
1989.7916,7344
1989.875,7328
1989.9584,7300
1990.0416,7332
1990.125,7263
1990.2084,7236
1990.2916,7246
1990.375,7293
1990.4584,7305
1990.5416,7307
1990.625,7292
1990.7084,7278
1990.7916,7325
1990.875,7356
1990.9584,7319
1991.0416,7299
1991.125,7390
1991.2084,7410
1991.2916,7380
1991.375,7365
1991.4584,7315
1991.5416,7276
1991.625,7273
1991.7084,7218
1991.7916,7267
1991.875,7263
1991.9584,7195
1992.0416,7091
1992.125,7070
1992.2084,7051
1992.2916,7012
1992.375,6969
1992.4584,6986
1992.5416,6974
1992.625,7032
1992.7084,7096
1992.7916,7157
1992.875,7164
1992.9584,7214
1993.0416,7100
1993.125,7120
1993.2084,7120
1993.2916,7152
1993.375,7117
1993.4584,7097
1993.5416,7109
1993.625,7073
1993.7084,7088
1993.7916,7133
1993.875,7160
1993.9584,7185
1994.0416,7223
1994.125,7330
1994.2084,7403
1994.2916,7356
1994.375,7317
1994.4584,7269
1994.5416,7215
1994.625,7208
1994.7084,7129
1994.7916,7177
1994.875,7200
1994.9584,7196
1995.0416,7164
1995.125,7147
1995.2084,7315
1995.2916,7361
1995.375,7304
1995.4584,7268
1995.5416,7314
1995.625,7288
1995.7084,7283
1995.7916,7321
1995.875,7343
1995.9584,7342
1996.0416,7340
1996.125,7414
1996.2084,7438
1996.2916,7467
1996.375,7384
1996.4584,7296
1996.5416,7301
1996.625,7303
1996.7084,7326
1996.7916,7313
1996.875,7340
1996.9584,7361
1997.0416,7316
1997.125,7371
1997.2084,7393
1997.2916,7243
1997.375,7212
1997.4584,7204
1997.5416,
1997.625,
1997.7084,7027
1997.7916,7067
1997.875,7064
1997.9584,7117
1998.0416,7130
1998.125,7087
1998.2084,7084
1998.2916,7135
1998.375,7139
1998.4584,7134
1998.5416,7046
1998.625,7119
1998.7084,7127
1998.7916,7160
1998.875,7207
1998.9584,7245
1999.0416,7354
1999.125,7492
1999.2084,7486
1999.2916,7422
1999.375,7365
1999.4584,7290
1999.5416,7278
1999.625,7302
1999.7084,7339
1999.7916,7358
1999.875,7368
1999.9584,7417
2000.0416,7439
2000.125,7442
2000.2084,7506
2000.2916,7502
2000.375,7450
2000.4584,7380
2000.5416,7320
2000.625,7248
2000.7084,7297
2000.7916,7358
2000.875,7402
2000.9584,7444
2001.0416,7430
2001.125,7526
2001.2084,7499
2001.2916,7514
2001.375,7422
2001.4584,7251
2001.5416,7079
2001.625,7226
2001.7084,7273
2001.7916,7301
2001.875,7355
2001.9584,7319
2002.0416,7257
2002.125,7276
2002.2084,7323
2002.2916,7372
2002.375,7370
2002.4584,7355
2002.5416,7261
2002.625,7252
2002.7084,7179
2002.7916,7185
2002.875,7244
2002.9584,7235
2003.0416,7205
2003.125,7200
2003.2084,7280
2003.2916,7296
2003.375,7377
2003.4584,7340
2003.5416,7317
2003.625,7278
2003.7084,7299
2003.7916,7315
2003.875,7302
2003.9584,7340
2004.0416,7289
2004.125,7303
2004.2084,7428
2004.2916,7348
2004.375,7355
2004.4584,7285
2004.5416,7241
2004.625,7208
2004.7084,7245
2004.7916,7255
2004.875,7294
2004.9584,7264
2005.0416,7313
2005.125,7287
2005.2084,7224
2005.2916,7337
2005.375,7306
2005.4584,7309
2005.5416,7262
2005.625,7263
2005.7084,7306
2005.7916,7337
2005.875,7394
2005.9584,7395
2006.0416,7449
2006.125,7502
2006.2084,7545
2006.2916,7499
2006.375,7423
2006.4584,7356
2006.5416,7280
2006.625,7212
2006.7084,7217
2006.7916,7210
2006.875,7226
2006.9584,7254
2007.0416,7281
2007.125,7269
2007.2084,7366
2007.2916,7392
2007.375,7385
2007.4584,7376
2007.5416,7307
2007.625,7348
2007.7084,7334
2007.7916,7347
2007.875,7449
2007.9584,7449
2008.0416,7497
2008.125,7526
2008.2084,7577
2008.2916,7543
2008.375,7450
2008.4584,7375
2008.5416,7317
2008.625,7325
2008.7084,7326
2008.7916,7318
2008.875,7353
2008.9584,7439
2009.0416,7474
2009.125,7541
2009.2084,7544
2009.2916,7464
2009.375,7415
2009.4584,7330
2009.5416,7292
2009.625,7275
2009.7084,7271
2009.7916,7255
2009.875,7268
2009.9584,7265
2010.0416,7245
2010.125,7191
2010.2084,7201
2010.2916,7244
2010.375,7265
2010.4584,7283
2010.5416,7323
2010.625,7334
2010.7084,7324
2010.7916,7428
2010.875,7402
2010.9584,7457
2011.0416,7443
2011.125,7517
2011.2084,7530
2011.2916,7512
2011.375,7453
2011.4584,7396
2011.5416,7354
2011.625,7332
2011.7084,7389
2011.7916,7453
2011.875,7446
2011.9584,7493
2012.0416,7533
2012.125,7567
2012.2084,7576
2012.2916,7470
2012.375,7445
2012.4584,7365
2012.5416,7307
2012.625,7265
2012.7084,7291
2012.7916,7287
2012.875,7337
2012.9584,7358
