,Identifier 1,d13c,d18o,ref_H,ref_age,age_lin,age_absolute,path,idx,d13c_ma,d18o_ma,depth
0,A- 1A,-2.6963176386230736,25.44064711283221,,67.8,67.8,1996.519,A,1,,,-160.0
1,A- 2A,-2.3114515380870455,25.275009028535152,,,68.06666666666665,1996.7856666666667,A,2,-2.345737636226422,25.29612032055957,-160.0
2,A- 3A,-2.029443731969147,25.172704820311356,H65,68.3333333333333,68.3333333333333,1997.0523333333333,A,3,-2.1911647521591524,25.247865157339685,-160.0
3,A- 4A,-2.232598986421265,25.295881623172537,,,68.47619047619044,1997.1951904761904,A,4,-2.320641912565414,25.259423249496393,-160.0
4,A- 5A,-2.6998830193058296,25.30968330500529,,,68.61904761904759,1997.3380476190478,A,5,-2.6878159485371405,25.313473454834817,-160.0
5,A- 6A,-3.1309658398843263,25.334855436326617,,,68.76190476190473,1997.4809047619049,A,6,-3.019342349409732,25.376748153847554,-160.0
6,A- 7A,-3.22717818903904,25.485705720210753,,,68.90476190476187,1997.623761904762,A,7,-3.083106970490363,25.403492206919736,-160.0
7,A- 8A,-2.8911768825477235,25.389915464221847,,,69.04761904761901,1997.766619047619,A,8,-3.0325247588408644,25.384570631897194,-160.0
8,A- 9A,-2.9792192049358306,25.27809071125899,,,69.19047619047616,1997.9094761904762,A,9,-2.887545424120319,25.293791860701475,-160.0
9,A- 10A,-2.792240184877404,25.213369406623592,H73,69.3333333333333,69.3333333333333,1998.0523333333333,A,10,-2.9474445306810853,25.22699206541607,-160.0
10,A- 11A,-3.0708742022300206,25.18951607836562,,,69.39999999999996,1998.119,A,11,-3.002751602950888,25.19223341605009,-160.0
11,A- 12A,-3.1451404217452392,25.17381476316106,,,69.46666666666664,1998.1856666666667,A,12,-3.186194222616596,25.20650751979468,-160.0
12,A- 13A,-3.3425680438745267,25.256191717857355,,,69.5333333333333,1998.2523333333334,A,13,-3.262278686995694,25.280513821261525,-160.0
13,A- 14A,-3.299127595367316,25.411534982766163,,,69.59999999999997,1998.319,A,14,-3.2171367197928133,25.316205379581827,-160.0
14,A- 15A,-3.0097145201365976,25.28088943812196,,,69.66666666666663,1998.3856666666666,A,15,-3.0352925777915285,25.29765925565764,-160.0
15,A- 16A,-2.797035617870672,25.200553346084796,,,69.7333333333333,1998.4523333333334,A,16,-2.874802347836086,25.181173770450883,-160.0
16,A- 17A,-2.817656905500988,25.062078527145893,,,69.79999999999997,1998.519,A,17,-2.8463012388435733,25.11264159572666,-160.0
17,A- 18A,-2.9242111931590604,25.0752929139493,,,69.86666666666663,1998.5856666666666,A,18,-2.9120979685951247,25.06572661887772,-160.0
18,A- 19A,-2.994425807125326,25.05980841553796,,,69.9333333333333,1998.6523333333334,A,19,-3.1496284087448845,25.10568505875331,-160.0
19,A- 20A,-3.5302482259502668,25.181953846772668,,,69.99999999999997,1998.719,A,20,-3.471445741614627,25.19106960052623,-160.0
20,A- 21A,-3.889663191768289,25.33144653926805,,,70.06666666666663,1998.7856666666667,A,21,-3.5174547024944847,25.370548818029736,-160.0
21,A- 22A,-3.1324526897648983,25.598246068048486,,,70.1333333333333,1998.8523333333333,A,22,-3.245279667284135,25.457083417074344,-160.0
22,A- 23A,-2.7137231203192185,25.4415576439065,,,70.19999999999996,1998.919,A,23,-2.72270566855097,25.451138691802697,-160.0
23,A- 24A,-2.321941195568794,25.313612363453107,,,70.26666666666664,1998.9856666666667,A,24,-2.514172289440604,25.342746042588814,-160.0
24,A- 25A,-2.5068525524337995,25.273068120406833,H78,70.3333333333333,70.3333333333333,1999.0523333333333,A,25,-2.4365745440830753,25.24797190811555,-160.0
25,A- 26A,-2.4809298842466316,25.15723524048671,,,70.47142857142855,1999.1904285714286,A,26,-2.629770775530764,25.22905961576917,-160.0
26,A- 27A,-2.901529889911861,25.256875486413968,,,70.60952380952378,1999.3285238095239,A,27,-2.669137749103484,25.134805476923077,-160.0
27,A- 28A,-2.624953473151958,24.99030570386855,,,70.74761904761903,1999.4666190476191,A,28,-2.913904406674174,25.147651208873175,-160.0
28,A- 29A,-3.2152298569587012,25.195772436337005,,,70.88571428571427,1999.6047142857144,A,29,-3.0498334383182013,25.21287510411794,-160.0
29,A- 30A,-3.309316984843946,25.452547172148265,,,71.02380952380952,1999.7428095238097,A,30,-3.117090586852466,25.40787048058898,-160.0
30,A- 31A,-2.82672491875475,25.575291833281675,,,71.16190476190475,1999.8809047619047,A,31,-3.0296681206679543,25.47624103729073,-160.0
31,A- 32A,-2.9529624584051666,25.400884106442252,,71.3,71.3,2000.019,A,32,,,-160.0
32,B- 29A,-2.460542853960791,25.728149661647997,,67.5,67.5,1996.219,B,29,,,-154.0
33,B- 28A,-2.6838394099894662,25.279931664856488,,,67.63888888888889,1996.357888888889,B,28,-2.787215727092029,25.51098974093225,-154.0
34,B- 27A,-3.2172649173258296,25.524887896292263,,,67.77777777777777,1996.4967777777779,B,27,-2.9244158664574553,25.27988889824131,-154.0
35,B- 26A,-2.87214327205707,25.034847133575184,,,67.91666666666666,1996.6356666666668,B,26,-2.8221694452463595,25.198849975008994,-154.0
36,B- 25A,-2.377100146356179,25.03681489515954,,,68.05555555555553,1996.7745555555555,B,25,-2.578778278108409,24.951199446817085,-154.0
37,B- 24A,-2.487091415911978,24.781936311716528,,,68.19444444444441,1996.9134444444444,B,24,-2.404604118702562,24.992470888083435,-154.0
38,B- 23A,-2.349620793839528,25.158661457374233,,68.3333333333333,68.3333333333333,1997.0523333333333,B,23,-2.3603357194091203,25.082335978725453,-154.0
39,B- 22A,-2.244294948475854,25.3064101670856,,,68.49999999999997,1997.219,B,22,-2.38236724698662,25.313624961370753,-154.0
40,B- 21A,-2.553185998644478,25.47580325965243,,,68.66666666666663,1997.3856666666666,B,21,,,-154.0
41,B- 20A,,,,,68.8333333333333,1997.5523333333333,B,20,,,-154.0
42,B- 19A,-3.5284399766030905,25.48444360777681,,,68.99999999999997,1997.719,B,19,,,-154.0
43,B- 18A,-3.179386269481785,25.215263072560724,,,69.16666666666663,1997.8856666666666,B,18,-3.165033378336332,25.25418980928569,-154.0
44,B- 17A,-2.7872738889241195,25.062862747519546,,69.3333333333333,69.3333333333333,1998.0523333333333,B,17,-2.8902988200099684,25.05499236423042,-154.0
45,B- 16A,-2.7042363016240007,24.88685127261099,,,69.4583333333333,1998.1773333333333,B,16,-2.6172288841766798,25.058637306482833,-154.0
46,B- 15A,-2.3601764619819194,25.22619789931796,,,69.5833333333333,1998.3023333333333,B,15,-2.5075720954684058,24.99280241223209,-154.0
47,B- 14A,-2.458303522799296,24.865358064767317,,,69.7083333333333,1998.4273333333333,B,14,-2.457620070959228,25.17635655880882,-154.0
48,B- 13A,-2.554380228096469,25.43751371234118,,,69.8333333333333,1998.5523333333333,B,13,-2.6415083967522826,25.249064445947454,-154.0
49,B- 12A,-2.9118414393610825,25.444321560733858,,,69.9583333333333,1998.6773333333333,B,12,-2.8390778344675436,25.41555305544789,-154.0
50,B- 11A,-3.0510118359450797,25.364823893268646,,,70.0833333333333,1998.8023333333333,B,11,-2.9987606413421997,25.3796871154254,-154.0
51,B- 10A,-3.0334286487204363,25.329915892273704,,,70.2083333333333,1998.9273333333333,B,10,-3.040481324304458,25.308232389568698,-154.0
52,B- 9A,-3.037003488247858,25.229957383163736,,70.3333333333333,70.3333333333333,1999.0523333333333,B,9,-2.913480771184379,25.237301306104786,-154.0
53,B- 8A,-2.6700101765848423,25.152030642876934,,,70.45416666666664,1999.1731666666667,B,8,-2.8049795715413786,25.229360308172,-154.0
54,B- 7A,-2.707925049791434,25.306092898475335,,,70.57499999999997,1999.294,B,7,-2.7332060594734737,25.267426739731206,-154.0
55,B- 6A,-2.8216829520441444,25.34415667784135,,,70.69583333333331,1999.4148333333333,B,6,-2.8263155050739566,25.278434004514924,-154.0
56,B- 5A,-2.949338513386291,25.185052437228098,,,70.81666666666665,1999.5356666666667,B,5,-2.8533163473849537,25.323000630056857,-154.0
57,B- 4A,-2.7889275767244253,25.43979277510112,,,70.93749999999999,1999.6565,B,4,-2.8516258975500626,25.309892994029315,-154.0
58,B- 3A,-2.8166116025394707,25.304833769758734,,,71.05833333333332,1999.7773333333334,B,3,-2.7464524670451076,25.373097907208763,-154.0
59,B- 2A,-2.6338182218714254,25.374667176766433,,,71.17916666666666,1999.8981666666666,B,2,-2.5375167180744413,25.345186889133302,-154.0
60,B- 1A,-2.1621203298124287,25.356059720874743,,71.3,71.3,2000.019,B,1,,,-154.0
61,C- 1A,-1.9497485381201023,25.532837016566692,,,67.19,1995.909,C,1,,,-130.0
62,C- 2A,-1.6949636894528228,25.644607565331242,,,67.28,1995.999,C,2,-1.8387821354717218,25.608137754071976,-130.0
63,C- 3A,-1.8716341788422395,25.646968680317986,H58,67.3333333333333,67.3333333333333,1996.0523333333333,C,3,-1.7017168349557783,25.591722998899503,-130.0
64,C- 4A,-1.5385526365722724,25.483592751049287,,,67.4583333333333,1996.1773333333333,C,4,-1.6129316242994232,25.411811639668226,-130.0
65,C- 5A,-1.4286080574837579,25.104873487637402,,,67.5833333333333,1996.3023333333333,C,5,-1.5095306873671293,25.392806520560217,-130.0
66,C- 6A,-1.5614313680453575,25.589953322993967,,,67.7083333333333,1996.4273333333333,C,6,-1.5147481458340788,25.31858688330371,-130.0
67,C- 7A,-1.5542050119731208,25.26093383927975,,,67.8333333333333,1996.5523333333333,C,7,-1.6083801758313154,25.459445360871452,-130.0
68,C- 8A,-1.7095041474754678,25.52744892034064,,,67.9583333333333,1996.6773333333333,C,8,-1.683427320245458,25.46682260198945,-130.0
69,C- 9A,-1.7865728012877855,25.612085046347957,,,68.0833333333333,1996.8023333333333,C,9,-1.7618690494663454,25.58159791987536,-130.0
70,C- 10A,-1.7895301996357826,25.605259792937478,,,68.2083333333333,1996.9273333333333,C,10,-1.84728375847365,25.558187839404145,-130.0
71,C- 11A,-1.9657482744973809,25.457218678927,,68.3333333333333,68.3333333333333,1997.0523333333333,C,11,-1.885001941378408,25.486360480404347,-130.0
72,C- 12A,-1.8997273500020606,25.396602969348567,,,68.4583333333333,1997.1773333333333,C,12,-1.845466318617827,25.433069962652578,-130.0
73,C- 13A,-1.6709233313540395,25.44538823968216,,,68.5833333333333,1997.3023333333333,C,13,-1.2198486052774915,25.154868489589443,-130.0
74,C- 14A,,24.622614259737606,,,68.7083333333333,1997.4273333333333,C,14,-1.2451711399584515,25.16115120373065,-130.0
75,C- 15A,-1.9756949540449407,25.41545111177218,,,68.8333333333333,1997.5523333333333,C,15,-1.4628975769073753,25.075383420041884,-130.0
76,C- 16A,-2.324102642200811,25.188084888615865,,,68.9583333333333,1997.6773333333333,C,16,-2.106017641246669,25.41085701588216,-130.0
77,C- 17A,-2.018255327494255,25.62903504725844,,,69.0833333333333,1997.8023333333333,C,17,-2.007126896119581,25.449788062421067,-130.0
78,C- 18A,-1.6790227186636781,25.532244251388892,,,69.2083333333333,1997.9273333333333,C,18,-1.8299166488282028,25.419129206439464,-130.0
79,C- 19A,-1.7924719003266754,25.09610832067105,,69.3333333333333,69.3333333333333,1998.0523333333333,C,19,-1.8668131868431743,25.265497600710173,-130.0
80,C- 20A,-2.1289449415391695,25.16814023007057,,,69.52666666666664,1998.2456666666667,C,20,-1.9181786713317617,25.13110981147592,-130.0
81,C- 21A,-1.83311917212944,25.129080883686136,,,69.71999999999998,1998.439,C,21,-2.118690681829977,25.206255229917556,-130.0
82,C- 22A,-2.3940079318213208,25.321544575995954,,,69.91333333333331,1998.6323333333335,C,22,-2.285082828352507,25.32621094415038,-130.0
83,C- 23A,-2.6281213811067605,25.528007372769054,,,70.10666666666665,1998.8256666666666,C,23,-2.2886663888005425,25.491561099724336,-130.0
84,C- 24A,-1.8438698534735458,25.625131350407997,,70.3,70.3,1999.019,C,24,,,-130.0
85,D- 1A,-1.4168044256015966,25.50644056656437,,66.3333333333333,66.3333333333333,1995.0523333333333,D,1,,,-118.5
86,D- 2A,-1.3708145165790788,25.439292505160797,,,66.49999999999997,1995.219,D,2,-1.4746761193717723,25.481792077635845,-118.5
87,D- 3A,-1.636409415934641,25.499643161182377,,,66.66666666666663,1995.3856666666666,D,3,-1.5097644751235721,25.49804985612393,-118.5
88,D- 4A,-1.5220694928569967,25.555213902028616,,,66.8333333333333,1995.5523333333333,D,4,-1.535297921915366,25.555928170806897,-118.5
89,D- 5A,-1.4474148569544596,25.612927449209696,,,66.99999999999997,1995.719,D,5,-1.3872215870330054,25.499874233513992,-118.5
90,D- 6A,-1.1921804112875596,25.331481349303658,,,67.16666666666663,1995.8856666666666,D,6,-1.2837461868554743,25.49790083601911,-118.5
91,D- 7A,-1.2116432923244038,25.549293709543967,H58,67.3333333333333,67.3333333333333,1996.0523333333333,D,7,-1.222004014349084,25.439204982785554,-118.5
92,D- 8A,-1.2621883394352889,25.43683988950903,,,67.44444444444441,1996.1634444444444,D,8,-1.316982822825041,25.50025764119191,-118.5
93,D- 9A,-1.4771168367154304,25.514639324522747,,,67.55555555555553,1996.2745555555555,D,9,-1.4864605652285843,25.50969431032137,-118.5
94,D- 10A,-1.7200765195350343,25.577603716932334,,,67.66666666666663,1996.3856666666666,D,10,-1.6951832554002653,25.52131887306989,-118.5
95,D- 11A,-1.8883564099503314,25.471713577754592,,,67.77777777777774,1996.4967777777779,D,11,-1.7560393823723388,25.502356189052914,-118.5
96,D- 12A,-1.6596852176316514,25.457751272471814,,,67.88888888888886,1996.607888888889,D,12,-1.7352650090432562,25.47847368666986,-118.5
97,D- 13A,-1.6577533995477856,25.505956209783186,,,67.99999999999997,1996.719,D,13,-1.6852119560229735,25.476186501568275,-118.5
98,D- 14A,-1.7381972508894834,25.46485202244983,,,68.11111111111107,1996.8301111111111,D,14,-1.6909529380627426,25.433869101612913,-118.5
99,D- 15A,-1.6769081637509595,25.33079907260572,,,68.22222222222219,1996.9412222222222,D,15,-1.79408661232024,25.35796366406048,-118.5
100,D- 16A,-1.9671544223202768,25.27823989712589,,68.3333333333333,68.3333333333333,1997.0523333333333,D,16,-1.836302106901299,25.31417446264715,-118.5
101,D- 17A,-1.864843734632661,25.333484418209842,,,68.49999999999997,1997.219,D,17,-2.0257372065404637,25.34125053715422,-118.5
102,D- 18A,-2.245213462668454,25.412027296126926,,,68.66666666666663,1997.3856666666666,D,18,-2.2072318408771676,25.42955912191829,-118.5
103,D- 19A,-2.5116383253303876,25.543165651418114,,,68.8333333333333,1997.5523333333333,D,19,-2.2534344061946414,25.52927843635501,-118.5
104,D- 20A,-2.003451430585082,25.632642361519984,,,68.99999999999997,1997.719,D,20,-2.093508755222906,25.575837687792443,-118.5
105,D- 21A,-1.7654365097532483,25.551705050439224,,,69.16666666666663,1997.8856666666666,D,21,-1.8956543446556022,25.484717612485678,-118.5
106,D- 22A,-1.918075093628477,25.26980542549782,,69.3333333333333,69.3333333333333,1998.0523333333333,D,22,-1.8511606772743174,25.36860061637015,-118.5
107,D- 23A,-1.8699704284412269,25.284291373173406,,,69.47619047619044,1998.1951904761904,D,23,-1.9534073668214322,25.235575722911026,-118.5
108,D- 24A,-2.0721765783945925,25.15263037006186,,,69.61904761904758,1998.3380476190475,D,24,,,-118.5
109,E- 1A,-1.6140257644163758,25.79314894928205,,,66.23,1994.949,E,1,,,-108.0
110,E- 2A,-1.492244749367392,25.585242530603626,,,66.28,1994.999,E,2,-1.5731197496074139,25.634372420289747,-108.0
111,E- 3A,-1.6130887350384735,25.524725780983566,,66.3333333333333,66.3333333333333,1995.0523333333333,E,3,-1.6762037817014193,25.51802435184261,-108.0
112,E- 4A,-1.9232778606983922,25.44410474394063,,,66.5333333333333,1995.2523333333334,E,4,-1.8359291198350658,25.48597458629531,-108.0
113,E- 5A,-1.9714207637683323,25.48909323396173,,,66.7333333333333,1995.4523333333334,E,5,-1.9807191434942968,25.507002334234272,-108.0
114,E- 6A,-2.0474588060161656,25.587809024800457,,,66.9333333333333,1995.6523333333334,E,6,-1.8888842939834578,25.47239469411801,-108.0
115,E- 7A,-1.6477733121658749,25.340281823591837,,,67.1333333333333,1995.8523333333333,E,7,-1.8355438563959698,25.41791599381745,-108.0
116,E- 8A,-1.8113994510058693,25.32565713306005,H58,67.3333333333333,67.3333333333333,1996.0523333333333,E,8,-1.7289102754443206,25.344383274596954,-108.0
117,E- 9A,-1.7275580631612182,25.36721086713898,,,67.47619047619044,1996.1951904761904,E,9,-1.808560657178214,25.377025639559978,-108.0
118,E- 10A,-1.8867244573675541,25.43820891848091,,,67.61904761904759,1996.3380476190478,E,10,-1.9848624528777001,25.42795222436975,-108.0
119,E- 11A,-2.3403048381043274,25.478436887489366,,,67.76190476190473,1996.4809047619049,E,11,-2.162149444270476,25.489112959648576,-108.0
120,E- 12A,-2.2594190373395464,25.55069307297545,,,67.90476190476187,1996.623761904762,E,12,-2.1744135407610226,25.50893876678658,-108.0
121,E- 13A,-1.9235167468391943,25.497686339894926,,,68.04761904761901,1996.766619047619,E,13,-2.0741423409848463,25.470871174892853,-108.0
122,E- 14A,-2.039491238775799,25.364234111808184,,,68.19047619047616,1996.9094761904762,E,14,-1.9180946821578548,25.439926876619253,-108.0
123,E- 15A,-1.791276060858571,25.457860178154647,,68.3333333333333,68.3333333333333,1997.0523333333333,E,15,-1.9958726151520565,25.38413534069001,-108.0
124,E- 16A,-2.156850545821799,25.330311732107194,,,68.49999999999997,1997.219,E,16,-2.0964116142750675,25.40364271888323,-108.0
125,E- 17A,-2.341108236144832,25.422756246387845,,,68.66666666666663,1997.3856666666666,E,17,-2.4663419978326506,25.40763294353647,-108.0
126,E- 18A,-2.901067211531321,25.469830852114367,,,68.8333333333333,1997.5523333333333,E,18,-2.57235451506862,25.490272299596427,-108.0
127,E- 19A,-2.4748880975297065,25.578229800287076,,,68.99999999999997,1997.719,E,19,-2.5324145099275985,25.50510899982129,-108.0
128,E- 20A,-2.221288220721767,25.467266347062434,,,69.16666666666663,1997.8856666666666,E,20,-2.268538168604904,25.470238461055146,-108.0
129,E- 21A,-2.109438187563239,25.36521923581592,,69.3333333333333,69.3333333333333,1998.0523333333333,E,21,-2.2587595344891627,25.374525118668732,-108.0
130,E- 22A,-2.4455521951824823,25.291089773127847,,,69.49999999999997,1998.219,E,22,-2.3502603056565055,25.304708785154688,-108.0
131,E- 23A,-2.495790534223796,25.257817346520298,,,69.66666666666663,1998.3856666666666,E,23,-2.7635735125612477,25.35485645397719,-108.0
132,E- 24A,-3.3493778082774646,25.515662242283423,,,69.8333333333333,1998.5523333333333,E,24,-2.9522590155316926,25.410271046949408,-108.0
133,E- 25A,-3.0116087040938173,25.45733355204451,,,69.99999999999997,1998.719,E,25,-2.8592958130614954,25.54962821740996,-108.0
134,E- 26A,-2.2169009268132043,25.675888857901953,,,70.16666666666663,1998.8856666666666,E,26,-2.3817663084723555,25.537990062171346,-108.0
135,E- 27A,-1.9167892945100453,25.480747776567576,,70.3333333333333,70.3333333333333,1999.0523333333333,E,27,-2.071383041702782,25.48994094120984,-108.0
136,E- 28A,-2.0804589037850962,25.313186189160003,,,70.5333333333333,1999.2523333333334,E,28,-2.0851765193328915,25.392212926572046,-108.0
137,E- 29A,-2.258281359703532,25.382704813988557,,,70.7333333333333,1999.4523333333334,E,29,-2.213547061997323,25.31212249392904,-108.0
138,E- 30A,-2.3019009225033407,25.240476478638556,,,70.9333333333333,1999.6523333333334,E,30,-2.50716751183595,25.405602523888017,-108.0
139,E- 31A,-2.961320253300978,25.593626279036947,,,71.1333333333333,1999.8523333333333,E,31,-2.6100940306868776,25.522250290165545,-108.0
140,E- 32A,-2.5670609162563154,25.732648112821128,,71.3333333333333,71.3333333333333,2000.0523333333333,E,32,,,-108.0
