,decimal_year,d13c,d18o,sea level,d18o_pdb,d13c_ma,d18o_ma,d13c_std,d18o_std
0,2012.0,-1.4828744,-5.4450882,-101.5456046384,25.564877826386397,,,,
1,2011.857142857143,-1.6936872,-5.5442565,-109.4902958192,25.661072741558428,-1.8630666666666666,25.666578847814066,,
2,2011.7142857142858,-2.4126384,-5.6604537,-136.5846907424,25.77378597549738,-1.9867037333333333,25.68568827540717,,
3,2011.5714285714287,-1.8537856,-5.504188500000001,-115.52376412160001,25.622206109165692,-2.1633754666666665,25.60957445363805,,
4,2011.4285714285716,-2.2237024,-5.308857,-129.4644486464,25.43273127625108,-2.0410642666666665,25.454755701273637,,
5,2011.2857142857144,-2.0457047999999998,-5.1816411,-122.7564310928,25.30932971840413,-2.0731791999999998,25.359219556831665,0.3003142455564363,0.14877050509074424
6,2011.1428571428573,-1.9501304,-5.208721000000001,-119.1546142544,25.335597675839793,-1.838169333333333,25.363106220070943,0.33702685161325785,0.16047528127119529
7,2011.0,-1.5186728,-5.3208774000000005,-102.8947031408,25.444391265968903,-1.7062456,25.460920578259337,0.34189939483981163,0.15583993783450442
8,2010.75,-1.6499336,-5.4841545,-107.8413976496,25.60277279296932,-1.6943501333333335,25.548035619016208,0.4337911396200528,0.1330485125986528
9,2010.5,-1.914444,-5.478144299999999,-117.809736584,25.59694279811041,-2.0443789333333333,25.641315536758785,0.5450570919374376,0.12798808254780647
10,2010.25,-2.5687592,-5.609367,-142.4682592112,25.72423101919663,-2.2893328,25.627064438214784,0.5450775905064267,0.13615926427238736
11,2010.0,-2.3847952,-5.4400797,-135.5353919072,25.560019497337304,-2.6333952000000003,25.612489451067503,0.5490318482848087,0.13715677330638296
12,2009.888888888889,-2.9466312,-5.4330678,-156.7087434032,25.553217836668576,-2.8485170666666666,25.544148955776933,0.5422744926177748,0.14077943981454946
13,2009.7777777777778,-3.2141248,-5.398008300000001,-166.7895072128,25.51920953332493,-2.793162133333333,25.473217351660185,0.4832861864484765,0.13693499177291088
14,2009.6666666666667,-2.2187303999999997,-5.2207074,-129.2770738544,25.34722468498705,-2.465010133333333,25.53475618628202,0.42070419991712926,0.13685832351741872
15,2009.5555555555557,-1.9621752,-5.6233908,-119.60853458719998,25.73783434053409,-2.0957562666666667,25.63354221028024,0.3988573122173594,0.13955461281256368
16,2009.4444444444446,-2.1063631999999997,-5.703526800000001,-125.0424035552,25.815567605319576,-2.2091178666666664,25.76147820857301,0.3999736860742151,0.14014989586868304
17,2009.3333333333335,-2.5588151999999997,-5.616378900000001,-142.09350962719998,25.73103267986536,-2.4348466666666666,25.725850462213,0.5198467302449732,0.14086510765545987
18,2009.2222222222224,-2.6393616,-5.513203799999999,-145.1289812576,25.630951101454055,-2.7099639999999994,25.631922767263877,0.5293019734989749,0.14057291504603692
19,2009.1111111111113,-2.9317151999999997,-5.4130338,-156.1466190272,25.533784520472206,-2.6754914666666667,25.546740064603117,0.4549229479039983,0.1517123052115977
20,2009.0,-2.4553976,-5.3529317999999995,-138.1961139536,25.475484571883094,-2.293973333333333,25.515646758688927,0.4781554014829537,0.12894269302259503
21,2008.8,-1.4948072000000001,-5.4170406,-101.9953041392,25.537671183711478,-1.9051629333333333,25.52633508259693,0.462196768184988,0.12813309053673955
22,2008.6,-1.765284,-5.4460899000000005,-112.18849282400001,25.565849492196214,-1.9896869333333334,25.50139566014492,0.5130612450787773,0.09518556506796977
23,2008.3999999999999,-2.7089696,-5.275800899999999,-147.7522283456,25.400666304527068,-2.4123069333333333,25.509816763830013,0.599582072169779,0.08804147795150095
24,2008.1999999999998,-2.7626672,-5.4430848,-149.7758760992,25.56293449476676,-2.6698565333333337,25.46673957959473,0.5832405936900801,0.16603861067768763
25,2008.0,-2.5379328,-5.312863800000001,-141.3065355008,25.436617939490354,-2.3181704,25.50107177154165,0.6125546060966698,0.16691199371266222
26,2007.8333333333333,-1.6539112,-5.3819811,-107.9912974832,25.50366288036783,-1.8372122666666666,25.546092287396572,0.680662873557378,0.20451825251030642
27,2007.6666666666665,-1.3197927999999999,-5.5823211,-95.39971146079999,25.697996042331532,-1.7613063999999998,25.727793793832635,0.6741718268801071,0.21655064764104487
28,2007.5,-2.3102152,-5.874817500000001,-132.7247700272,25.98172245879854,-1.577010933333333,25.773462086894103,0.6800495670583176,0.21928273164454742
29,2007.45,-1.1010248,-5.523220800000001,-87.15522061280001,25.64066775955224,-1.4374634666666666,25.607631122018415,0.722609014824446,0.21377244554003796
30,2007.4,-0.9011504,-5.0694507,-79.6227539744,25.200503147704456,-1.2093770666666666,25.389988974142586,0.709686886455271,0.22629338098110863
31,2007.2,-1.625956,-5.2017091,-106.937777816,25.32879601517106,-1.5706383999999998,25.390971633475925,0.7330296693056514,0.2373255026421883
32,2007.1,-2.1848088,-5.5262599,-127.99870443679998,25.64361573755226,-2.2696829333333333,25.508230301384216,0.7899026783153587,0.24665092547598333
33,2007.0,-2.9982839999999995,-5.4321001,-158.65533082399998,25.55227915142932,-2.612750933333333,25.504991415351487,0.7955639223237255,0.23948652989963826
34,2006.8333333333333,-2.65516,-5.191692100000001,-145.72435976,25.31907935707288,-2.802037066666666,25.387743740966723,0.7953917941567206,0.17016197140991174
35,2006.6666666666665,-2.7526672,-5.1636445,-149.3990160992,25.29187271439796,-2.7927559999999994,25.305152147132148,0.6846282813312788,0.17767410825407742
36,2006.4999999999998,-2.9704407999999995,-5.1766666,-157.60603198879997,25.3045043699256,-2.9293389333333324,25.315192693833605,0.4493607207579457,0.17090183900407369
37,2006.333333333333,-3.0649087999999995,-5.222744800000001,-161.16615303679998,25.349200997177253,-2.7715421333333325,25.427258150566004,0.37590606245325964,0.17374600119319455
38,2006.1666666666663,-2.2792768,-5.5102327,-131.5588254848,25.628069084595165,-2.577634133333333,25.555841926065323,0.35298993753997304,0.16854611884296927
39,2006.0,-2.3887167999999996,-5.574341500000001,-135.6831813248,25.69025569642355,-2.3383152,25.659793677430624,0.3250685061240725,0.18316042638904476
40,2005.857142857143,-2.346952,-5.5442395,-134.109233072,25.66105625127315,-2.2445288,25.678886614738435,0.3270852420283444,0.17663992162365438
41,2005.7142857142858,-1.9979176,-5.569281999999999,-120.9555226736,25.685347896518607,-2.282978933333333,25.59530686480876,0.3366663861649432,0.16879239218235484
42,2005.5714285714287,-2.5040671999999997,-5.315851899999999,-140.0302764992,25.439516446634524,-2.385402133333333,25.457978097021073,0.30511655321127323,0.1728102303258998
43,2005.4285714285716,-2.6542215999999996,-5.1195186999999995,-145.6889952176,25.2490699479101,-2.6214063999999997,25.375062614583232,0.21181312302773647,0.17306209120992333
44,2005.2857142857144,-2.7059303999999993,-5.3128468,-147.63769305439996,25.43660144920507,-2.526606933333333,25.43206700875925,0.21093585271307996,0.17984981860761529
45,2005.1428571428573,-2.2196687999999996,-5.4921511,-129.3124383968,25.610529629162585,-2.3840575999999998,25.60899263757263,0.22665116864490248,0.18206977879950814
46,2005.0,-2.2265735999999996,-5.6667019000000005,-129.57265268959998,25.779846834350234,-2.258431733333333,25.731422529609763,0.2320837662785144,0.20227910137297087
47,2004.857142857143,-2.3290527999999995,-5.6914894,-133.4346838208,25.803891125316465,-2.2856119999999995,25.77903415429087,0.21418558011160524,0.22019613184035583
48,2004.7142857142858,-2.3012095999999995,-5.639401,-132.38538498559998,25.753364503205905,-2.4195431999999992,25.67789845864333,0.2802182443143332,0.2218007174804309
49,2004.5714285714287,-2.6283671999999996,-5.3539164999999995,-144.71464629919998,25.476439747407632,-2.4971063999999994,25.50720916471855,0.2876005967956863,0.2031310004224054
50,2004.4285714285716,-2.5617423999999995,-5.163593499999999,-142.20382408639998,25.291823243542115,-2.671126399999999,25.3313376531414,0.2877654088099358,0.2101060008488035
51,2004.2857142857144,-2.8232695999999997,-5.0954779,-152.0597381456,25.225749968474453,-2.8169717333333324,25.306398230689393,0.3241193974262819,0.22309891901698406
52,2004.1428571428573,-3.0659031999999997,-5.2767856,-161.20362799519998,25.401621480051606,-2.8879056,25.390933156143603,0.38026904243106496,0.21676061776806457
53,2004.0,-2.7745439999999997,-5.425037199999999,-150.223465184,25.545428019904744,-2.7423917333333327,25.563565781688023,0.3926597839905334,0.2025719575430208
54,2003.875,-2.3867279999999997,-5.629383999999999,-135.608231408,25.74364784510772,-2.3807615999999996,25.69668399763316,0.4001507554805468,0.19877801173255957
55,2003.75,-1.9810127999999998,-5.6884843,-120.31844838079999,25.80097612788701,-2.0681885333333327,25.749153951363358,0.4018448474228485,0.20218806699152386
56,2003.625,-1.8368247999999998,-5.5873126,-114.88457941279998,25.702837881095345,-1.9853218666666663,25.659760696860058,0.40963237365037003,0.19235707698801058
57,2003.5,-2.1381279999999996,-5.3529148,-126.239491808,25.475468081597814,-2.0489634666666663,25.498788061033462,0.3892563577001926,0.16815592452294112
58,2003.375,-2.1719375999999997,-5.190639399999999,-127.51364039359999,25.318058220407213,-2.3227549333333326,25.391580933350145,0.33988121354095674,0.15797477043046723
59,2003.25,-2.6581991999999994,-5.2557499,-145.83889505119998,25.38121649804542,-2.5139925333333326,25.43499849647399,0.4441196634338915,0.18559460671512307
60,2003.125,-2.7118407999999996,-5.487193600000001,-147.86043238879998,25.605720770969338,-2.617741599999999,25.560019497337304,0.45428324972392103,0.19903935784798793
61,2003.0,-2.4831847999999996,-5.5772956,-139.24330237279997,25.693121222997156,-2.3840389333333327,25.620669117575734,0.46041325746985395,0.19552690051038588
62,2002.857142857143,-1.9570911999999998,-5.443322800000001,-119.41693896319998,25.563165358760706,-1.8858631999999995,25.51085439078096,0.4898834240524853,0.17248620538748363
63,2002.7142857142858,-1.2173136,-5.147566299999999,-91.5376803296,25.276276590585017,-1.9001162666666662,25.35538786121,0.48723806902220923,0.17647118737206757
64,2002.5714285714287,-2.5259439999999995,-5.0964796,-140.854725584,25.22672163428427,-2.0824415999999997,25.22218719383845,0.48378299943898034,0.17713819986555723
65,2002.4285714285716,-2.5040671999999997,-5.0313691,-140.0302764992,25.16356335664607,-2.657536266666666,25.263968823660647,0.47709971689370523,0.20223485222606793
66,2002.2857142857144,-2.9425975999999996,-5.2767856,-156.5567331536,25.401621480051606,-2.552461333333333,25.36890873112105,0.47518366352686864,0.19781438609813476
67,2002.1428571428573,-2.2107191999999998,-5.4210304,-128.9751637712,25.54154135666547,-2.495098933333333,25.497185108302375,0.4710056631757602,0.18855219915775348
68,2002.0,-2.33198,-5.4280933000000005,-133.54499828000002,25.548392488190046,-2.2133522666666665,25.617347780116592,0.6055447586425524,0.18404141739451677
69,2001.8,-2.0973576,-5.648416299999999,-124.7030185136,25.76210949549427,-2.0807656,25.575242261691127,0.45601563737925443,0.1974946780949335
70,2001.6,-1.8129591999999999,-5.2908094000000006,-113.98518041119999,25.415224801389066,-2.106638666666666,25.477411413217443,0.45897914234440723,0.2012858374777737
71,2001.3999999999999,-2.4095991999999993,-5.1255289,-136.47015545119996,25.254899942769008,-2.561410933333333,25.389961490333786,0.5043508734271344,0.16245616261349588
72,2001.1999999999998,-3.4616743999999997,-5.3779573,-176.11866143839998,25.499759726843276,-2.7907858666666656,25.482917519473087,0.4797566313631874,0.15864485351141824
73,2001.0,-2.5010839999999996,-5.5782973,-139.91785162399998,25.694092888806974,-2.754987466666666,25.649072372952052,0.4804077939106581,0.17624312690401897
74,2000.8,-2.3022039999999997,-5.639401,-132.42285994399998,25.753364503205905,-2.197460533333333,25.67530734981715,0.48283575799728323,0.1771013420025563
75,2000.6,-1.7890936,-5.459095,-113.0857814096,25.578464657438577,-2.013496533333333,25.592715755982578,0.48186055118099835,0.15974019890443927
76,2000.3999999999999,-1.9491919999999998,-5.3228638,-119.119249712,25.446318107303256,-2.0496263999999997,25.444050887080348,0.4652249562763932,0.15790963481282114
77,2000.1999999999998,-2.4105936,-5.179620699999999,-136.50763040959998,25.307369896499207,-2.2730162666666662,25.405590594717285,0.469486864299717,0.13547814147631831
78,2000.0,-2.4592631999999996,-5.3401477,-138.3417929552,25.4630837803494,-2.480182933333333,25.46162332308349,0.2652365950952088,0.13528342118634645
79,1999.8666666666666,-2.5706919999999998,-5.496157899999999,-142.54109871199998,25.61441629240186,-2.3293655999999996,25.550061402062255,0.24957118355908567,0.12879775857198134
80,1999.7333333333331,-1.9581416,-5.4531358,-119.4565243376,25.572684133435512,-2.234916266666666,25.531209901931305,0.24857311923077585,0.09836922545632047
81,1999.5999999999997,-2.1759151999999995,-5.281845100000001,-127.66354022719997,25.406529279956544,-2.143431466666666,25.495598645856575,0.21580414572734588,0.09326334299185227
82,1999.4666666666662,-2.2962375999999995,-5.386021900000001,-132.19801019359997,25.507582524177668,-2.245523199999999,25.43697480866419,0.29176182743313417,0.09366779506471325
83,1999.3333333333328,-2.2644168,-5.2718281000000005,-130.9988115248,25.39681262185836,-2.2770125333333326,25.432116479615093,0.2938516286264816,0.07648915314056536
84,1999.2,-2.2703832,-5.2668196,-131.2236612752,25.391954292809267,-2.176578133333333,25.43891814028383,0.2754343203895792,0.07869080803745804
85,1998.9555555555555,-1.9949344,-5.407057600000001,-120.84309779840001,25.52798750618386,-1.944882933333333,25.472926443627475,0.22096774792126853,0.07052751496446337
86,1998.711111111111,-1.5693312,-5.3770066000000005,-104.8038156032,25.498837531889304,-1.8252234666666662,25.52248139992822,0.22437327491804962,0.06782269114544372
87,1998.4666666666665,-1.9114048,-5.4200797000000005,-117.6952012928,25.540619161711497,-1.8229031999999996,25.533817501042765,0.22275545570415606,0.06472466216605444
88,1998.222222222222,-1.9879736000000001,-5.442117100000001,-120.5807730896,25.561995809527506,-1.9634450666666663,25.51114529881367,0.20722991708734628,0.06384147546703307
89,1997.9777777777774,-1.9909568,-5.3068876000000005,-120.69319796479999,25.430820925202006,-2.0615405333333334,25.462885896926014,0.21517769712237136,0.05813813961680854
90,1997.733333333333,-2.2056912,-5.270826400000001,-128.7856785632,25.39584095604854,-2.1125863999999996,25.438270363077283,0.23351966505515867,0.11456228802384423
91,1997.4888888888884,-2.1411112,-5.3659879,-126.35191668320002,25.488149207981298,-2.133450133333333,25.456732013463835,0.2538267106050137,0.16315816067842817
92,1997.2444444444438,-2.0535479999999997,-5.363984500000001,-123.05200992799999,25.486205876361662,-1.9660781333333333,25.48393865613875,0.280407571990759,0.1921376861516144
93,1997.0,-1.7035752,-5.3549692,-109.86293498719999,25.477460884073295,-1.7595743999999998,25.37543597404235,0.2834621681348909,0.18237226708259763
94,1996.8,-1.5216,-5.0304184,-103.0050176,25.162641161692097,-1.5981501333333332,25.237849278792524,0.28737453879088304,0.16724633676479095
95,1996.6,-1.5692752,-4.938466000000001,-104.8017051872,25.07344579061218,-1.8298266666666665,25.100932347796284,0.2962221570429386,0.18429965156426967
96,1996.3999999999999,-2.3986047999999998,-4.9315221000000005,-136.0558204928,25.066710091084573,-2.019293333333333,25.165464848208543,0.2940185344816505,0.18698264553650512
97,1996.1999999999998,-2.09,-5.23,-124.42573999999999,25.35623866292887,-2.2012685333333333,25.266863968079985,0.28709397231347494,0.18898357165246737
98,1996.0,-2.1152008,-5.2520661,-125.37545734880001,25.3776431502265,-1.9850669333333333,25.440974834531303,0.2819222779111397,0.18349709357074545
99,1995.9333333333334,-1.75,-5.47,-111.61250000000001,25.589042690438543,-1.8459645333333332,25.47402075189234,0.3071440579654797,0.1773669901352537
100,1995.8666666666668,-1.6726927999999999,-5.332202100000001,-108.6991008608,25.45537641501198,-1.7075642666666664,25.518620151128616,0.2800694352469867,0.18996120184060353
101,1995.8000000000002,-1.7,-5.39,-109.72819999999999,25.51144134793532,-1.7808975999999996,25.444252197896358,0.2535235469624037,0.1754324365013304
102,1995.7333333333336,-1.97,-5.24,-119.90342000000001,25.365938830741772,-1.9844181333333328,25.401498902264347,0.210946367195944,0.12278712747084553
103,1995.666666666667,-2.2832543999999997,-5.1999777,-131.70872531839998,25.327116528115937,-2.1198352,25.44111053987901,0.21880374677513426,0.11675411184047282
104,1995.6000000000004,-2.1062512,-5.512508100000001,-125.03818272320001,25.630276260779315,-2.056862666666666,25.53667245443346,0.22328134696032184,0.12734831960565088
105,1995.5333333333338,-1.7810823999999998,-5.5355472,-112.7838713264,25.652624574405138,-1.9067082666666664,25.616996828045128,0.22470863838998778,0.12344684012912946
106,1995.4666666666672,-1.8327912,-5.4483993,-114.7325691632,25.568089648950927,-1.756885333333333,25.548008555548012,0.23141743428518,0.1286243926635581
107,1995.4000000000005,-1.6567823999999998,-5.299146,-108.09950152639999,25.423311443287968,-1.6869458666666663,25.4301131039567,0.24606677627958823,0.13751703929216794
108,1995.333333333334,-1.571264,-5.1709284,-104.87665510400001,25.2989382196312,-1.6493487999999996,25.375663054970854,0.2659941330801739,0.15476641366596977
109,1995.2666666666673,-1.72,-5.28,-110.48192,25.404739501993387,-1.6304213333333328,25.427673414750075,0.22710608078260086,0.16364984957083012
112,1995.0666666666675,-1.6,-5.46,-105.9596,25.57934252262564,-1.619482933333333,25.43253174379917,0.25044616168403216,0.14835624181750381
113,1995.0,-1.5384487999999998,-5.1859539,-103.63998147679999,25.313513206778477,-1.519482933333333,25.371097347650778,0.31502891066291766,0.14595365570953356
114,1994.9166666666667,-1.42,-5.09,-99.17612,25.220436313548223,-1.6825983999999996,25.25916759626608,0.3185570150221661,0.1869862130152374
115,1994.8333333333335,-2.0893463999999997,-5.113831500000001,-124.4011084304,25.243553268471544,-1.9109789333333331,25.295119231229364,0.31475422063385644,0.1903120461831605
116,1994.7500000000002,-2.2235904,-5.297142600000001,-129.46022781439999,25.421368111668333,-2.219281333333333,25.43464754440252,,
117,1994.666666666667,-2.3449072,-5.5215234,-134.0321727392,25.63902125306768,-2.172832533333333,25.620945249019474,,
118,1994.5833333333337,-1.95,-5.69,-119.1497,25.802446382322415,-2.0657687999999994,25.66337465604822,,
119,1994.5,-1.9023991999999998,-5.4283653,-117.3558162512,25.548656332754557,,,,
