dataset,depth,point_idx,age_original,age_shifted,shift,d18o,d13c
A,-160,1,1996.5190,1994.8361,-1.6829,25.44065,-2.69632
A,-160,2,1996.7857,1994.9670,-1.8187,25.27501,-2.31145
A,-160,3,1997.0523,1995.1174,-1.9349,25.17270,-2.02944
A,-160,4,1997.1952,1995.2920,-1.9031,25.29588,-2.23260
A,-160,5,1997.3380,1995.3919,-1.9462,25.30968,-2.69988
A,-160,6,1997.4809,1995.5111,-1.9698,25.33486,-3.13097
A,-160,7,1997.6238,1995.5928,-2.0310,25.48571,-3.22718
A,-160,8,1997.7666,1995.6906,-2.0761,25.38992,-2.89118
A,-160,9,1997.9095,1995.8356,-2.0739,25.27809,-2.97922
A,-160,10,1998.0523,1995.9488,-2.1035,25.21337,-2.79224
A,-160,11,1998.1190,1996.0749,-2.0441,25.18952,-3.07087
A,-160,12,1998.1857,1996.2169,-1.9688,25.17381,-3.14514
A,-160,13,1998.2523,1996.3299,-1.9225,25.25619,-3.34257
A,-160,14,1998.3190,1996.4693,-1.8497,25.41153,-3.29913
A,-160,15,1998.3857,1996.6282,-1.7574,25.28089,-3.00971
A,-160,16,1998.4523,1996.6949,-1.7575,25.20055,-2.79704
A,-160,17,1998.5190,1996.7997,-1.7193,25.06208,-2.81766
A,-160,18,1998.5857,1997.0042,-1.5815,25.07529,-2.92421
A,-160,19,1998.6523,1997.2057,-1.4467,25.05981,-2.99443
A,-160,20,1998.7190,1997.3361,-1.3829,25.18195,-3.53025
A,-160,21,1998.7857,1997.4345,-1.3512,25.33145,-3.88966
A,-160,22,1998.8523,1997.6287,-1.2236,25.59825,-3.13245
A,-160,23,1998.9190,1997.7986,-1.1204,25.44156,-2.71372
A,-160,24,1998.9857,1997.9127,-1.0730,25.31361,-2.32194
A,-160,25,1999.0523,1997.9977,-1.0546,25.27307,-2.50685
A,-160,26,1999.1904,1998.0705,-1.1199,25.15724,-2.48093
A,-160,27,1999.3285,1998.1315,-1.1970,25.25688,-2.90153
A,-160,28,1999.4666,1998.2374,-1.2292,24.99031,-2.62495
A,-160,29,1999.6047,1998.4124,-1.1923,25.19577,-3.21523
A,-160,30,1999.7428,1998.4952,-1.2476,25.45255,-3.30932
A,-160,31,1999.8809,1998.6025,-1.2784,25.57529,-2.82672
A,-160,32,2000.0190,1998.7151,-1.3039,25.40088,-2.95296
B,-154,1,1996.2190,1995.5583,-0.6607,25.72815,-2.46054
B,-154,2,1996.3579,1995.7181,-0.6398,25.27993,-2.68384
B,-154,3,1996.4968,1995.7714,-0.7254,25.52489,-3.21726
B,-154,4,1996.6357,1995.8732,-0.7625,25.03485,-2.87214
B,-154,5,1996.7746,1995.9710,-0.8036,25.03681,-2.37710
B,-154,6,1996.9134,1996.0786,-0.8349,24.78194,-2.48709
B,-154,7,1997.0523,1996.2433,-0.8090,25.15866,-2.34962
B,-154,8,1997.2190,1996.3198,-0.8992,25.30641,-2.24429
B,-154,9,1997.3857,1996.4355,-0.9501,25.47580,-2.55319
B,-154,10,1997.7190,1996.5416,-1.1774,25.48444,-3.52844
B,-154,11,1997.8857,1996.6835,-1.2021,25.21526,-3.17939
B,-154,12,1998.0523,1996.7917,-1.2607,25.06286,-2.78727
B,-154,13,1998.1773,1996.9479,-1.2294,24.88685,-2.70424
B,-154,14,1998.3023,1997.1495,-1.1528,25.22620,-2.36018
B,-154,15,1998.4273,1997.2900,-1.1374,24.86536,-2.45830
B,-154,16,1998.5523,1997.5322,-1.0202,25.43751,-2.55438
B,-154,17,1998.6773,1997.7166,-0.9608,25.44432,-2.91184
B,-154,18,1998.8023,1997.8481,-0.9542,25.36482,-3.05101
B,-154,19,1998.9273,1997.9324,-0.9949,25.32992,-3.03343
B,-154,20,1999.0523,1998.0867,-0.9657,25.22996,-3.03700
B,-154,21,1999.1732,1998.2798,-0.8934,25.15203,-2.67001
B,-154,22,1999.2940,1998.4577,-0.8363,25.30609,-2.70793
B,-154,23,1999.4148,1998.5989,-0.8159,25.34416,-2.82168
B,-154,24,1999.5357,1998.7319,-0.8037,25.18505,-2.94934
B,-154,25,1999.6565,1998.8446,-0.8119,25.43979,-2.78893
B,-154,26,1999.7773,1998.9167,-0.8607,25.30483,-2.81661
B,-154,27,1999.8982,1999.0212,-0.8770,25.37467,-2.63382
B,-154,28,2000.0190,1999.1117,-0.9073,25.35606,-2.16212
C,-130,1,1995.9090,1994.6744,-1.2346,25.53284,-1.94975
C,-130,2,1995.9990,1994.7233,-1.2757,25.64461,-1.69496
C,-130,3,1996.0523,1994.7766,-1.2757,25.64697,-1.87163
C,-130,4,1996.1773,1994.9016,-1.2757,25.48359,-1.53855
C,-130,5,1996.3023,1995.1121,-1.1903,25.10487,-1.42861
C,-130,6,1996.4273,1995.2371,-1.1903,25.58995,-1.56143
C,-130,7,1996.5523,1995.3458,-1.2065,25.26093,-1.55421
C,-130,8,1996.6773,1995.4016,-1.2757,25.52745,-1.70950
C,-130,9,1996.8023,1995.5266,-1.2757,25.61209,-1.78657
C,-130,10,1996.9273,1995.6516,-1.2757,25.60526,-1.78953
C,-130,11,1997.0523,1995.7766,-1.2757,25.45722,-1.96575
C,-130,12,1997.1773,1995.8732,-1.3042,25.39660,-1.89973
C,-130,13,1997.3023,1995.9800,-1.3224,25.44539,-1.67092
C,-130,14,1997.4273,1996.0747,-1.3527,24.62261,-0.08890
C,-130,15,1997.5523,1996.3080,-1.2443,25.41545,-1.97569
C,-130,16,1997.6773,1996.4481,-1.2292,25.18808,-2.32410
C,-130,17,1997.8023,1996.4615,-1.3408,25.62904,-2.01826
C,-130,18,1997.9273,1996.6069,-1.3204,25.53224,-1.67902
C,-130,19,1998.0523,1996.7522,-1.3001,25.09611,-1.79247
C,-130,20,1998.2457,1996.9690,-1.2766,25.16814,-2.12894
C,-130,21,1998.4390,1997.2525,-1.1865,25.12908,-1.83312
C,-130,22,1998.6323,1997.3566,-1.2757,25.32154,-2.39401
C,-130,23,1998.8257,1997.5500,-1.2757,25.52801,-2.62812
C,-130,24,1999.0190,1997.6848,-1.3342,25.62513,-1.84387
D,-118.5,1,1995.0523,1995.3045,0.2522,25.50644,-1.41680
D,-118.5,2,1995.2190,1995.4006,0.1816,25.43929,-1.37081
D,-118.5,3,1995.3857,1995.4720,0.0863,25.49964,-1.63641
D,-118.5,4,1995.5523,1995.5452,-0.0072,25.55521,-1.52207
D,-118.5,5,1995.7190,1995.6865,-0.0325,25.61293,-1.44741
D,-118.5,6,1995.8857,1996.0081,0.1225,25.33148,-1.19218
D,-118.5,7,1996.0523,1996.0777,0.0254,25.54929,-1.21164
D,-118.5,8,1996.1634,1996.1821,0.0187,25.43684,-1.26219
D,-118.5,9,1996.2746,1996.3478,0.0733,25.51464,-1.47712
D,-118.5,10,1996.3857,1996.4334,0.0478,25.57760,-1.72008
D,-118.5,11,1996.4968,1996.5385,0.0418,25.47171,-1.88836
D,-118.5,12,1996.6079,1996.6256,0.0177,25.45775,-1.65969
D,-118.5,13,1996.7190,1996.6851,-0.0339,25.50596,-1.65775
D,-118.5,14,1996.8301,1996.7719,-0.0583,25.46485,-1.73820
D,-118.5,15,1996.9412,1996.8799,-0.0614,25.33080,-1.67691
D,-118.5,16,1997.0523,1997.0727,0.0203,25.27824,-1.96715
D,-118.5,17,1997.2190,1997.2556,0.0366,25.33348,-1.86484
D,-118.5,18,1997.3857,1997.4182,0.0326,25.41203,-2.24521
D,-118.5,19,1997.5523,1997.5340,-0.0183,25.54317,-2.51164
D,-118.5,20,1997.7190,1997.6458,-0.0732,25.63264,-2.00345
D,-118.5,21,1997.8857,1997.7799,-0.1058,25.55171,-1.76544
D,-118.5,22,1998.0523,1997.9346,-0.1177,25.26981,-1.91808
D,-118.5,23,1998.1952,1998.0733,-0.1219,25.28429,-1.86997
D,-118.5,24,1998.3380,1998.2282,-0.1098,25.15263,-2.07218
E,-108,1,1994.9490,1994.6358,-0.3132,25.79315,-1.61403
E,-108,2,1994.9990,1994.6767,-0.3223,25.58524,-1.49224
E,-108,3,1995.0523,1994.7935,-0.2588,25.52473,-1.61309
E,-108,4,1995.2523,1994.8482,-0.4041,25.44410,-1.92328
E,-108,5,1995.4523,1994.9133,-0.5390,25.48909,-1.97142
E,-108,6,1995.6523,1994.9920,-0.6604,25.58781,-2.04746
E,-108,7,1995.8523,1995.0708,-0.7816,25.34028,-1.64777
E,-108,8,1996.0523,1995.1789,-0.8735,25.32566,-1.81140
E,-108,9,1996.1952,1995.2431,-0.9521,25.36721,-1.72756
E,-108,10,1996.3380,1995.3870,-0.9511,25.43821,-1.88672
E,-108,11,1996.4809,1995.4913,-0.9896,25.47844,-2.34030
E,-108,12,1996.6238,1995.6021,-1.0216,25.55069,-2.25942
E,-108,13,1996.7666,1995.7133,-1.0533,25.49769,-1.92352
E,-108,14,1996.9095,1995.8506,-1.0589,25.36423,-2.03949
E,-108,15,1997.0523,1996.0084,-1.0439,25.45786,-1.79128
E,-108,16,1997.2190,1996.1406,-1.0784,25.33031,-2.15685
E,-108,17,1997.3857,1996.2553,-1.1304,25.42276,-2.34111
E,-108,18,1997.5523,1996.3628,-1.1895,25.46983,-2.90107
E,-108,19,1997.7190,1996.5068,-1.2122,25.57823,-2.47489
E,-108,20,1997.8857,1996.6357,-1.2500,25.46727,-2.22129
E,-108,21,1998.0523,1996.7682,-1.2841,25.36522,-2.10944
E,-108,22,1998.2190,1996.9640,-1.2550,25.29109,-2.44555
E,-108,23,1998.3857,1997.2731,-1.1126,25.25782,-2.49579
E,-108,24,1998.5523,1997.4778,-1.0745,25.51566,-3.34938
E,-108,25,1998.7190,1997.5730,-1.1460,25.45733,-3.01161
E,-108,26,1998.8857,1997.6825,-1.2032,25.67589,-2.21690
E,-108,27,1999.0523,1997.8901,-1.1622,25.48075,-1.91679
E,-108,28,1999.2523,1998.0739,-1.1785,25.31319,-2.08046
E,-108,29,1999.4523,1998.1339,-1.3185,25.38270,-2.25828
E,-108,30,1999.6523,1998.3966,-1.2558,25.24048,-2.30190
E,-108,31,1999.8523,1998.5640,-1.2883,25.59363,-2.96132
E,-108,32,2000.0523,1998.7262,-1.3261,25.73265,-2.56706
