coral_cycle_id,coral_start_raw,coral_end_raw,coral_peak_raw,coral_peak_d18o,clim_cycle_id,clim_peak_age,calendar_year_start,calendar_year_end
1,1939.02515,1939.15343,1939.02515,25.69680,,,1937.21984,1937.34764
2,1939.15343,1940.01347,1939.55293,25.77251,,,1937.34764,1938.20453
3,1940.01347,1940.87351,1940.36960,25.89357,,,1938.20453,1939.06142
4,1940.87351,1942.01400,1941.33071,26.07773,,,1939.06142,1940.19773
5,1942.01400,1942.93013,1942.42515,25.96215,,,1940.19773,1941.11050
6,1942.93013,1944.03322,1943.51775,25.94028,,,1941.11050,1942.20955
7,1944.03322,1944.96805,1944.34579,25.99332,,,1942.20955,1943.14095
8,1944.96805,1945.78840,1945.51404,25.97053,,,1943.14095,1943.95829
9,1945.78840,1946.42408,1946.20293,26.09888,,,1943.95829,1944.59165
10,1946.42408,1946.87509,1946.69182,26.16657,,,1944.59165,1945.04101
11,1946.87509,1947.56456,1947.20293,26.27355,,,1945.04101,1945.72796
12,1947.56456,1947.97589,1947.59182,25.86245,,,1945.72796,1946.13777
13,1947.97589,1948.87332,1948.42515,25.72187,,,1946.13777,1947.03192
14,1948.87332,1950.29426,1949.60293,25.77829,,,1947.03192,1948.44764
15,1950.29426,1951.09821,1950.88812,25.77302,,,1948.44764,1949.24865
16,1951.09821,1952.29478,1951.58997,25.67929,,,1949.24865,1950.44084
17,1952.29478,1952.85568,1952.61960,25.58784,,,1950.44084,1950.99968
18,1952.85568,1954.12704,1953.59182,25.87152,,,1950.99968,1952.26639
19,1954.12704,1955.92191,1954.86166,25.87518,,,1952.26639,1954.05467
20,1955.92191,1957.02500,1956.48997,25.78712,,,1954.05467,1955.15373
21,1957.02500,1957.92243,1957.60293,25.77049,,,1955.15373,1956.04787
22,1957.92243,1958.96944,1958.75849,25.91269,,,1956.04787,1957.09104
23,1958.96944,1959.92296,1959.26960,25.94229,,,1957.09104,1958.04107
24,1959.92296,1961.00736,1960.49923,25.72674,1,1958.62149,1958.04107,1959.12149
25,1961.00736,1962.05436,1961.49345,25.82514,2,1959.62149,1959.12149,1960.08042
26,1962.05436,1963.10137,1962.65059,25.74033,3,1960.53936,1960.08042,1961.08042
27,1963.10137,1964.24186,1963.79004,25.84114,4,1961.62149,1961.08042,1962.12149
28,1964.24186,1966.25011,1965.04793,25.88253,5,1962.62149,1962.12149,1963.20500
29,1966.25011,1967.15851,1966.42175,25.67122,6,1963.78850,1963.20500,1964.24880
30,1967.15851,1968.33639,1967.80093,25.68095,7,1964.70910,1964.24880,1965.16530
31,1968.33639,1969.08374,1968.81637,25.97875,8,1965.62149,1965.16530,1966.12149
32,1969.08374,1970.11256,1969.56410,25.72771,9,1966.62149,1966.12149,1967.07906
33,1970.11256,1971.34602,1970.59555,25.72329,10,1967.53662,1967.07906,1968.20637
34,1971.34602,1972.52786,1971.74583,25.78720,11,1968.87611,1968.20637,1969.74880
35,1972.52786,1975.06647,1973.61978,25.96289,12,1970.62149,1969.74880,1971.07906
36,1975.06647,1976.57553,1975.35167,25.84403,13,1971.53662,1971.07906,1972.03799
37,1976.57553,1979.09492,1977.75321,25.88257,14,1972.53936,1972.03799,1973.12286
38,1979.09492,1980.81717,1980.27324,25.79549,15,1973.70637,1973.12286,1974.16393
39,1980.81717,1982.00644,1981.49100,25.88740,16,1974.62149,1974.16393,1975.12149
40,1982.00644,1982.89241,1982.52188,25.92511,17,1975.62149,1975.12149,1976.16530
41,1982.89241,1983.99558,1983.26293,25.94971,18,1976.70910,1976.16530,1977.20773
42,1983.99558,1985.30843,1984.82806,25.65239,21,1980.62423,1977.20773,1978.66393
43,1985.30843,1987.09555,1986.59859,25.88460,20,1979.62149,1978.66393,1980.12286
44,1987.09555,1988.10212,1987.59251,25.77293,19,1977.70637,1980.12286,1981.16530
45,1988.10212,1988.96714,1988.65668,25.78673,22,1981.70637,1981.16530,1982.16393
46,1988.96714,1989.88150,1989.56298,25.89111,32,1992.53936,1982.16393,1983.07906
47,1989.88150,1990.61487,1990.29818,25.74140,24,1983.53662,1983.07906,1984.08042
48,1990.61487,1991.17454,1990.81016,25.63019,25,1984.62423,1984.08042,1985.12286
49,1991.17454,1991.86931,1991.47586,25.45483,26,1985.62149,1985.12286,1986.16393
50,1991.86931,1992.93257,1992.29993,25.71509,27,1986.70637,1986.16393,1987.16393
51,1992.93257,1994.23935,1993.48516,25.69669,28,1987.62149,1987.16393,1988.12286
52,1994.23935,1995.25252,1994.85257,25.46449,29,1988.62423,1988.12286,1989.12286
53,1995.25252,1995.25352,1995.25302,0.00000,,,1989.12286,1989.12286
54,1995.25352,1996.34673,1995.73868,25.68284,30,1989.62149,1989.12286,1990.16393
55,1996.34673,1997.19590,1996.71154,25.72921,31,1990.70637,1990.16393,1991.62286
56,1997.19590,1997.94520,1997.59970,25.86096,23,1982.62149,1991.62286,1993.08042
57,1997.94520,1999.06609,1998.54956,25.89022,33,1993.62149,1993.08042,1994.20500
58,1999.06609,2000.17845,1999.58261,25.85782,34,1994.78850,1994.20500,1995.24743
59,2000.17845,2001.06830,2000.59787,25.60871,35,1995.70637,1995.24743,1996.16530
60,2001.06830,2002.41288,2002.24107,25.67693,36,1996.62423,1996.16530,1997.16530
61,2002.41288,2003.17490,2002.79807,25.92537,37,1997.70637,1997.16530,1998.66393
62,2003.17490,2004.11920,2003.52523,25.59047,38,1999.62149,1998.66393,2000.12286
63,2004.11920,2005.19972,2004.75537,25.61584,39,2000.62423,2000.12286,2001.12286
64,2005.19972,2006.01364,2005.58884,25.56356,40,2001.62149,2001.12286,2002.16393
65,2006.01364,2006.96352,2006.63512,25.60260,41,2002.70637,2002.16393,2003.20637
66,2006.96352,2007.91539,2007.64022,25.63946,42,2003.70637,2003.20637,2004.16530
67,2007.91539,2008.39363,2008.05977,25.55671,43,2004.62423,2004.16530,2005.16530
68,2008.39363,2009.25170,2008.81731,25.69112,44,2005.70637,2005.16530,2006.16393
69,2009.25170,2010.10976,2009.56063,25.50670,45,2006.62149,2006.16393,2007.12149
70,2010.10976,2010.32421,2010.32421,25.51524,,,2007.12149,2007.36080
# MATCHES:[{"coralId":59,"climId":35},{"coralId":69,"climId":45},{"coralId":68,"climId":44},{"coralId":67,"climId":43},{"coralId":66,"climId":42},{"coralId":65,"climId":41},{"coralId":64,"climId":40},{"coralId":63,"climId":39},{"coralId":54,"climId":30},{"coralId":55,"climId":31},{"coralId":52,"climId":29},{"coralId":58,"climId":34},{"coralId":57,"climId":33},{"coralId":49,"climId":26},{"coralId":48,"climId":25},{"coralId":47,"climId":24},{"coralId":45,"climId":22},{"coralId":43,"climId":20},{"coralId":41,"climId":18},{"coralId":40,"climId":17},{"coralId":39,"climId":16},{"coralId":35,"climId":12},{"coralId":34,"climId":11},{"coralId":33,"climId":10},{"coralId":32,"climId":9},{"coralId":31,"climId":8},{"coralId":30,"climId":7},{"coralId":29,"climId":6},{"coralId":28,"climId":5},{"coralId":27,"climId":4},{"coralId":26,"climId":3},{"coralId":25,"climId":2},{"coralId":24,"climId":1},{"coralId":46,"climId":32},{"coralId":56,"climId":23},{"coralId":60,"climId":36},{"coralId":61,"climId":37},{"coralId":62,"climId":38},{"coralId":38,"climId":15},{"coralId":36,"climId":13},{"coralId":37,"climId":14},{"coralId":50,"climId":27},{"coralId":51,"climId":28},{"coralId":42,"climId":21},{"coralId":44,"climId":19}]
# BOUNDS:[1939.0251536058404,1939.1534309507929,1940.0134706312729,1940.8735103117529,1942.013997714129,1942.9301269389875,1944.0332213117772,1944.9680470514295,1945.7883955890466,1946.42407709201,1946.8750915603196,1947.5645644943856,1947.9758878198327,1948.8733205298986,1950.2942556541702,1951.0982057902706,1952.2947827370253,1952.855678180817,1954.1270411867436,1955.9219066068758,1957.0250009796655,1957.9224336897314,1958.969438518142,1959.922960772587,1961.0073586305834,1962.054363458994,1963.1013682874045,1964.2418556897796,1966.2501074308339,1967.1585119974943,1968.3363924294563,1969.0837377575012,1970.1125613347954,1971.346022955689,1972.5278641559084,1975.0664720398158,1976.575526562091,1979.0949162888346,1980.8171729774072,1982.0064366314937,1982.8924060451525,1983.9955804922242,1985.3084263903484,1987.0955463697887,1988.1021217970283,1988.967135550618,1989.881495406797,1990.6148656209753,1991.1745428896902,1991.8693146715432,1992.9325657561114,1994.2393536730956,1995.2525201183385,1995.2535201183384,1996.3467328212632,1997.195898332417,1997.9451966004901,1999.0660866071253,2000.178450613478,2001.0682961222772,2002.4128751819085,2003.1748975396722,2004.1191950095895,2005.1997216988457,2006.0136365808662,2006.963522618073,2007.9153885638661,2008.3936314715006,2009.2516967835572,2010.1097620956139,2010.3242073369397]
