,sample,age1,age_end,age2,count
0,O 1A,,,0.05,0
1,O 2A,,,,0
2,O 3A,,,,0
3,O 4A,,,,0
4,O 5A,,,,0
5,O 6A,,,,0
6,O 7A,,,,0
7,O 8A,,,,0
8,O 9A,,,,0
9,O 10A,1,,1,1
10,O 11A,,,,1
11,O 12A,,,,1
12,O 13A,,,,1
13,O 14A,,,,1
14,O 15A,,,,1
15,O 16A,,,,1
16,O 17A,,,,1
17,O 18A,,1,,1
18,O 19A,,,,1
19,O 20A,1,,2,2
20,N 1A,,,2.05,2
21,N 2A,,,,2
22,N 3A,,,,2
23,N 4A,,,,2
24,N 5A,,,,2
25,N 6A,,,,2
26,N 7A,,2,,2
27,N 8A,,,,2
28,N 9A,,,,2
29,N 10A,1,,3,3
30,N 11A,,,,3
31,N 12A,,,,3
32,N 13A,,,,3
33,N 14A,,,,3
34,N 15A,,,,3
35,N 16A,,3,,3
36,N 17A,,,,3
37,N 18A,,,,3
38,N 19A,1,,4,4
39,N 20A,,,,4
40,N 21A,,,,4
41,N 22A,,,,4
42,N 23A,,4,,4
43,N 24A,,,,4
44,N 25A,,,,4
45,N 26A,1,,5,5
46,N 27A,,,,5
47,N 28A,,,,5
48,N 29A,,,,5
49,N 30A,,,,5
50,N 31A,,,,5
51,N 32A,,,,5
52,N 33A,,5,,5
53,N 34A,,,,5
54,N 35A,,,,5
55,N 36A,1,,6,6
56,N 37A,,,,6
57,N 38A,,,,6
58,N 39A,,,,6
59,N 40A,,,,6
60,N 41A,,6,,6
61,N 42A,,,,6
62,N 43A,,,,6
63,N 44A,,,,6
64,N 45A,,,,6
65,N 46A,1,,7,7
66,N 47A,,,,7
67,N 48A,,,,7
68,N 49A,,,,7
69,N 50A,,,,7
70,N 51A,,,,7
71,N 52A,,7,,7
72,N 53A,,,,7
73,N 54A,,,,7
74,N 55A,1,,8,8
75,N 56A,,,,8
76,N 57A,,,,8
77,N 58A,,8,,8
78,N 59A,,,,8
79,N 60A,,,,8
80,N 61A,,,8.7,8
81,M 1A,,,7.8,8
82,M 2A,,,,8
83,M 3A,0,,8,8
84,M 4A,,,,8
85,M 5A,,,,8
86,M 6A,,,,8
87,M 7A,,8,,8
88,M 8A,,,,8
89,M 9A,,,,8
90,M 10A,1,,9,9
91,M 11A,,,,9
92,M 12A,,,,9
93,M 13A,,,,9
94,M 14A,,,,9
95,M 15A,,,,9
96,M 16A,,9,,9
97,M 17A,,,,9
98,M 18A,,,,9
99,M 19A,1,,10,10
100,M 20A,,,,10
101,M 21A,,,,10
102,M 22A,,10,,10
103,M 23A,,,,10
104,M 24A,,,,10
105,M 25A,,,,10
106,M 26A,,,,10
107,M 27A,1,,11,11
108,M 28A,,,,11
109,M 29A,,,,11
110,M 30A,,11,,11
111,M 31A,,,,11
112,M 32A,1,,12,12
113,M 33A,,,,12
114,M 34A,,,,12
115,M 35A,,12,,12
116,M 36A,1,,13.05,13
117,M 37A,,,13.2,13
118,M 38A,,,,13
119,M 39A,,13,,13
120,M 40A,,,,13
121,M 41A,,,,13
122,M 42A,,,,13
123,M 43A,1,,14,14
124,M 44A,,,,14
125,M 45A,,,,14
126,M 46A,,14,,14
127,M 47A,,,,14
128,M 48A,,,,14
129,M 49A,,,,14
130,M 50A,,,,14
131,M 51A,,,,14
132,M 52A,1,,15,15
133,M 53A,,,,15
134,M 54A,,,,15
135,M 55A,,15,,15
136,M 56A,,,,15
137,M 57A,1,,16,16
138,M 58A,,,,16
139,M 59A,,,,16
140,M 60A,,,,16
141,M 61A,,,,16
142,M 62A,,,,16
143,M 63A,,,,16
144,M 64A,1,,17,17
145,M 65A,,,,17
146,M 66A,,,,17
147,M 67A,,17,,17
148,M 68A,,,,17
149,M 69A,,,,17
150,M 70A,,,,17
151,M 71A,1,,18,18
152,M 72A,,,,18
153,M 73A,,18,,18
154,M 74A,,,,18
155,M 75A,,,,18
156,M 76A,,,,18
157,M 77A,,,,18
158,M 78A,1,,19,19
159,M 79A,,,,19
160,M 80A,,,,19
161,M 81A,,,,19
162,M 82A,,,,19
163,M 83A,,19,,19
164,M 84A,,,,19
165,M 85A,,,,19
166,M 86A,1,,20,20
167,M 87A,,,,20
168,M 88A,,,,20
169,M 89A,,,,20
170,M 90A,,,,20
171,M 91A,,20,,20
172,M 92A,,,,20
173,M 93A,,,,20
174,M 94A,,,,20
175,M 95A,1,,21,21
176,M 96A,,,,21
177,M 97A,,,,21
178,M 98A,,21,,21
179,M 99A,,,,21
180,M 100A,,,,21
181,M 101A,1,,22,22
182,M 102A,,,,22
183,M 103A,,,,22
184,M 104A,,,,22
185,M 105A,,,,22
186,M 106A,,22,,22
187,M 107A,,,,22
188,M 108A,,,,22
189,M 109A,,,,22
190,M 110A,1,,23.05,23
191,L 1A,,,23.45,23
192,L 2A,,,,23
193,L 3A,,,,23
194,L 4A,,,,23
195,L 5A,,23,,23
196,L 6A,,,,23
197,L 7A,1,,24,24
198,L 8A,,,,24
199,L 9A,,,,24
200,L 10A,,24,,24
201,L 11A,,,,24
202,L 12A,,,,24
203,L 13A,,,,24
204,L 14A,,,,24
205,L 15A,1,,25,25
206,L 16A,,,,25
207,L 17A,,25,,25
208,L 18A,,,,25
209,L 19A,1,,26,26
210,L 20A,,,,26
211,L 21A,,,,26
212,L 22A,,,,26
213,L 23A,,26,,26
214,L 24A,,,,26
215,L 25A,,,,26
216,L 26A,1,,27,27
217,L 27A,,,,27
218,L 28A,,,,27
219,L 29A,,27,,27
220,L 30A,,,,27
221,L 31A,1,,28,28
222,L 32A,,,,28
223,L 33A,,,,28
224,L 34A,,,,28
225,L 35A,,28,,28
226,L 36A,,,,28
227,L 37A,1,,29,29
228,L 38A,,,,29
229,L 39A,,,,29
230,L 40A,,29,,29
231,L 41A,,,,29
232,L 42A,,,,29
233,L 43A,,,,29
234,L 44A,,,,29
235,L 45A,1,,30.1,30
236,K 1A,,,30.75,30
237,K 2A,,,,30
238,K 3A,,,,30
239,K 4A,1,,31,31
240,K 5A,,,,31
241,K 6A,,,,31
242,K 7A,,,,31
243,K 8A,,,,31
244,K 9A,,31,,31
245,K 10A,,,,31
246,K 11A,1,,32,32
247,K 12A,,,,32
248,K 13A,,,,32
249,K 14A,,32,,32
250,K 15A,,,,32
251,K 16A,,,,32
252,K 17A,,,,32
253,K 18A,1,,33,33
254,K 19A,,,,33
255,K 20A,,,,33
256,K 21A,,,,33
257,K 22A,,33,,33
258,K 23A,,,,33
259,K 24A,,,,33
260,K 25A,,,,33
261,K 26A,1,,34,34
262,K 27A,,,,34
263,K 28A,,34,,34
264,K 29A,,,,34
265,K 30A,,,,34
266,K 31A,1,,35,35
267,K 32A,,,,35
268,K 33A,,35,,35
269,K 34A,,,,35
270,K 35A,,,,35
271,K 36A,1,,36,36
272,K 37A,,,,36
273,K 38A,,,,36
274,K 39A,,36,,36
275,K 40A,,,,36
276,K 41A,,,,36
277,K 42A,1,,37,37
278,K 43A,,,,37
279,K 44A,,,,37
280,K 45A,,,,37
281,K 46A,,37,,37
282,K 47A,,,,37
283,K 48A,1,,38,38
284,K 49A,,,,38
285,K 50A,,38,,38
286,K 51A,,,,38
287,K 52A,,,,38
288,K 53A,,,,38
289,K 54A,,,,38
290,K 55A,,,,38
291,K 56A,1,,39,39
292,K 57A,,,,39
293,K 58A,,39,,39
294,K 59A,,,,39
295,K 60A,,,,39
296,K 61A,,,,39
297,K 62A,1,,40,40
298,K 63A,,,,40
299,K 64A,,,,40
300,K 65A,,,,40
301,K 66A,,40,,40
302,K 67A,,,,40
303,K 68A,,,,40
304,K 69A,1,,41,41
305,K 70A,,,,41
306,K 71A,,,,41
307,K 72A,,,,41
308,K 73A,,,,41
309,K 74A,,,41.8,41
310,J 1A,,,42.3,42
311,J 2A,,,,42
312,J 3A,,,,42
313,J 4A,,,,42
314,J 5A,,,,42
315,J 6A,2,,43,43
316,J 7A,,,,43
317,J 8A,,,,43
318,J 9A,,,,43
319,J 10A,1,,44,44
320,J 11A,,,,44
321,J 12A,,,,44
322,J 13A,,,,44
323,J 14A,,,,44
324,J 15A,,,,44
325,J 16A,1,,45,45
326,J 17A,,,,45
327,J 18A,,,,45
328,J 19A,,,,45
329,J 20A,,,,45
330,J 21A,,,,45
331,J 23A,,,,45
332,J 24A,,,,45
333,J 25A,,,,45
334,J 26A,,,,45
335,J 27A,,,,45
336,J 28A,,,,45
337,J 29A,,,,45
338,J 30A,1,,46.3,46
339,I 1A,,,44.8,46
340,I 2A,,,,46
341,I 3A,-1,,45,45
342,I 4A,,,,45
343,I 5A,,45,,45
344,I 6A,,,,45
345,I 7A,,,,45
346,I 8A,,,,45
347,I 9A,1,,46,46
348,I 10A,,,,46
349,I 11A,,46,,46
350,I 12A,,,,46
351,I 13A,,,,46
352,I 14A,,,,46
353,I 15A,,,,46
354,I 16A,,,,46
355,I 17A,1,,47,47
356,I 18A,,,,47
357,I 19A,,,,47
358,I 20A,,,,47
359,I 21A,,,,47
360,I 22A,,47,,47
361,I 23A,,,,47
362,I 24A,,,,47
363,I 25A,,,,47
364,I 26A,,,,47
365,I 27A,,,,47
366,I 28A,1,,48,48
367,I 29A,,,,48
368,I 30A,,,,48
369,I 31A,,,,48
370,I 32A,,48,,48
371,I 33A,,,,48
372,I 34A,1,,49,49
373,I 35A,,,,49
374,I 36A,,,,49
375,I 37A,,,,49
376,I 38A,,,,49
377,I 39A,,,,49
378,I 40A,,49,,49
379,I 41A,,,,49
380,I 42A,,,,49
381,I 43A,,,,49
382,I 44A,1,,50,50
383,I 45A,,,,50
384,I 46A,,,,50
385,I 47A,,,,50
386,I 48A,,50,,50
387,I 49A,,,,50
388,I 50A,,,,50
389,I 51A,1,,51,51
390,I 52A,,,,51
391,I 53A,,,,51
392,I 54A,,,,51
393,I 55A,,,,51
394,I 56A,,51,,51
395,I 57A,,,,51
396,I 58A,,,,51
397,I 59A,1,,52,52
398,I 60A,,,,52
399,I 61A,,,,52
400,I 62A,,,,52
401,I 63A,,52,,52
402,I 64A,,,,52
403,I 65A,,,,52
404,I 66A,1,,53,53
405,I 67A,,,,53
406,I 68A,,53,,53
407,I 69A,,,,53
408,I 70A,,,,53
409,I 71A,,,,53
410,I 72A,1,,54,54
411,I 73A,,,,54
412,I 74A,,,,54
413,I 75A,,,,54
414,I 76A,,,,54
415,I 77A,,,,54
416,I 78A,,,,54
417,I 79A,,,,54
418,I 80A,,,,54
419,I 81A,1,,55,55
420,I 82A,,,,55
421,I 83A,,,,55
422,I 84A,,,,55
423,I 85A,,,,55
424,I 86A,,,,55
425,I 87A,,,,55
426,I 88A,,,,55
427,I 89A,1,,56,56
428,I 90A,,,,56
429,I 91A,,,,56
430,I 92A,,,,56
431,I 93A,1,,57,57
432,I 94A,,,,57
433,I 95A,,,,57
434,I 96A,,,,57
435,I 97A,,,,57
436,I 98A,,,,57
437,I 99A,,,,57
438,I 100A,1,,58,58
439,I 101A,,,,58
440,I 102A,,,,58
441,I 103A,,,,58
442,I 104A,,,,58
443,I 105A,,,,58
444,I 106A,,,,58
445,I 107A,,,,58
446,I 108A,1,,59,59
447,I 109A,,,,59
448,I 110A,,,,59
449,I 111A,,,,59
450,I 112A,,,,59
451,I 113A,1,,60,60
452,I 114A,,,,60
453,I 115A,,,,60
454,I 116A,,,,60
455,I 117A,,,,60
456,I 118A,,,,60
457,I 119A,1,,61,61
458,I 120A,,,,61
459,I 121A,,,,61
460,I 122A,,,61.7,61
461,H 1A,,,59.5,59
462,H 2A,,,,59
463,H 3A,,,,59
464,H 4A,,,,59
465,H 5A,,,,59
466,H 6A,,,,59
467,H 7A,-1,,60,60
468,H 8A,,,,60
469,H 9A,,,,60
470,H 10A,,60,,60
471,H 11A,,,,60
472,H 12A,1,,61,61
473,H 13A,,,,61
474,H 14A,,61,,61
475,H 15A,,,,61
476,H 16A,,,,61
477,H 17A,,,,61
478,H 18A,1,,62,62
479,H 19A,,,,62
480,H 20A,,,,62
481,H 21A,,,,62
482,H 22A,,62,,62
483,H 23A,,,,62
484,H 24A,1,,63,63
485,H 25A,,,,63
486,H 26A,,,,63
487,H 27A,,,,63
488,H 28A,,,,63
489,H 29A,,63,,63
490,H 30A,,,,63
491,H 31A,,,,63
492,H 32A,1,,64,64
493,H 33A,,,,64
494,H 34A,,,,64
495,H 35A,,,,64
496,H 36A,,64,,64
497,H 37A,,,,64
498,H 38A,,,,64
499,H 39A,1,,65,65
500,H 40A,,,,65
501,H 41A,,65,,65
502,H 42A,,,,65
503,H 43A,,,,65
504,H 44A,,,,65
505,H 45A,,,,65
506,H 46A,,,,65
507,H 47A,,,,65
508,H 48A,,65,,65
509,H 49A,,,,65
510,H 50A,,,,65
511,H 51A,,,,65
512,H 52A,1,,66,66
513,H 53A,,,,66
514,H 54A,,,,66
515,H 55A,,66,,66
516,H 56A,,,,66
517,H 57A,,,,66
518,H 58A,1,,67,67
519,H 59A,,,,67
520,H 60A,,,,67
521,H 61A,,,,67
522,H 62A,,67,,67
523,H 63A,,,,67
524,H 64A,,,,67
525,H 65A,1,,68,68
526,H 66A,,,,68
527,H 67A,,,,68
528,H 68A,,,,68
529,H 69A,,68,,68
530,H 70A,,,,68
531,H 71A,,,,68
532,H 72A,,,,68
533,H 73A,1,,69,69
534,H 74A,,,,69
535,H 75A,,,,69
536,H 76A,,69,,69
537,H 77A,,,,69
538,H 78A,,,,69
539,H 79A,,,,69
540,H 80A,,,,69
541,H 81A,1,,70,70
542,H 82A,,,,70
543,H 83A,,70,,70
544,H 84A,,,,70
545,H 85A,,,,70
546,H 86A,,,,70
547,H 87A,,,,70
548,H 88A,,,,70
549,H 89A,1,,71,71
550,H 90A,,,,71
551,H 91A,,71,,71
552,H 92A,,,,71
553,H 93A,,,,71
554,H 94A,,,,71
555,H 95A,,,,71
556,H 96A,,71,,71
557,H 97A,,,,71
558,H 98A,1,,72,72
559,H 99A,,,,72
560,H 100A,,,,72
561,H 101A,,72,,72
562,H 102A,,,,72
563,H 103A,,,,72
564,H 104A,,,,72
565,H 105A,,,,72
566,H 106A,,72,,72
567,H 107A,,,,72
568,H 108A,,,,72
569,H 109A,1,,73,73
570,H 110A,,,,73
571,H 111A,,,,73
572,H 112A,,,,73
573,H 113A,,,73.1,73
