datetime,SST,SSS,age_absolute,synthetic_d18o,synthetic_d18o_2
1958-01-16,29.67008399963379,34.22222900390625,1958.041067761807,-0.20282358,-0.4830098
1958-02-15,29.795040130615234,34.235599517822266,1958.123203285421,-0.2242972,-0.4837591
1958-03-16,29.760522842407227,34.26388931274414,1958.2026009582478,-0.20397298,-0.4195857
1958-04-16,29.36727523803711,34.31284713745117,1958.2874743326488,-0.0954275,-0.2351556
1958-05-16,28.891468048095703,34.3370475769043,1958.3696098562627,0.020140287,-0.082077146
1958-06-16,28.23423957824707,34.60038375854492,1958.454483230664,0.28323182,0.5891855
1958-07-16,27.71417999267578,34.66483688354492,1958.536618754278,0.42664886,0.8325048
1958-08-16,27.539960861206055,34.67060852050781,1958.621492128679,0.4675743,0.8823763
1958-09-16,27.90280532836914,34.56794738769531,1958.7063655030802,0.34155098,0.5972282
1958-10-16,28.30042839050293,34.459049224853516,1958.7885010266941,0.20506975,0.2919549
1958-11-16,28.756261825561523,34.61226272583008,1958.8733744010951,0.17373246,0.49809852
1958-12-16,29.161800384521484,34.66518783569336,1958.955509924709,0.10833028,0.5147303
1959-01-16,29.026317596435547,34.67271041870117,1959.041067761807,0.14152166,0.55958164
1959-02-15,28.843303680419922,34.5221061706543,1959.123203285421,0.11401281,0.29863623
1959-03-16,28.892152786254883,34.4417610168457,1959.2026009582478,0.06711069,0.1271991
1959-04-16,28.983915328979492,34.37998962402344,1959.2874743326488,0.019125804,-0.016531447
1959-05-16,28.75191307067871,34.10306167602539,1959.3696098562627,-0.054451272,-0.5193469
1959-06-16,28.3547420501709,34.46064758300781,1959.454483230664,0.19384,0.28320262
1959-07-16,27.837827682495117,34.76655578613281,1959.536618754278,0.44521984,1.0087402
1959-08-16,27.380064010620117,34.844932556152344,1959.621492128679,0.5811974,1.2662017
1959-09-16,27.606311798095703,34.763710021972656,1959.7063655030802,0.49487278,1.0539821
1959-10-16,28.004247665405273,34.57780456542969,1959.7885010266941,0.3236694,0.5946253
1959-11-16,28.82199478149414,34.49492645263672,1959.8733744010951,0.1064699,0.24896473
1959-12-16,29.245790481567383,34.777618408203125,1959.955509924709,0.14044622,0.72111356
1960-01-16,29.30388069152832,34.79213333129883,1960.041067761807,0.1341981,0.7373636
1960-02-15,29.43198013305664,34.76078414916992,1960.123203285421,0.09190908,0.64648336
1960-03-16,29.300521850585938,34.66219711303711,1960.2053388090349,0.07646574,0.47823012
1960-04-16,29.291723251342773,34.737422943115234,1960.290212183436,0.11225304,0.63061744
1960-05-16,29.0573673248291,34.711612701416016,1960.37234770705,0.15219675,0.6305553
1960-06-16,28.59718132019043,34.669708251953125,1960.457221081451,0.23458067,0.64798725
1960-07-16,27.86867904663086,34.641117095947266,1960.539356605065,0.38198513,0.75107545
1960-08-16,27.850460052490234,34.545345306396484,1960.624229979466,0.342896,0.56354004
1960-09-16,28.227949142456055,34.52446365356445,1960.7091033538672,0.25045168,0.4387292
1960-10-16,28.591535568237305,34.67930603027344,1960.7912388774812,0.24014173,0.6684249
1960-11-16,29.270925521850586,35.07542037963867,1960.8761122518822,0.2689274,1.3111879
1960-12-16,29.501070022583008,35.05651092529297,1960.9582477754961,0.20978636,1.2227372
1961-01-16,29.352556228637695,34.981178283691406,1961.041067761807,0.20855969,1.1047449
1961-02-15,29.30424690246582,34.91061019897461,1961.123203285421,0.18743211,0.9742367
1961-03-16,29.117034912109375,34.556270599365234,1961.2026009582478,0.06916594,0.30674422
1961-04-16,29.28736686706543,34.56557846069336,1961.2874743326488,0.03588144,0.2878869
1961-05-16,29.1307430267334,34.66424560546875,1961.3696098562627,0.114738904,0.5196784
1961-06-16,28.90298080444336,34.649200439453125,1961.454483230664,0.15807626,0.53969574
1961-07-16,28.283405303955078,34.77963638305664,1961.536618754278,0.35307905,0.9368743
1961-08-16,27.937416076660156,34.73582077026367,1961.621492128679,0.40947965,0.9253606
1961-09-16,28.04497718811035,34.57194519042969,1961.7063655030802,0.3120722,0.57394606
1961-10-16,28.473461151123047,34.60319900512695,1961.7885010266941,0.23186994,0.5421872
1961-11-16,29.165809631347656,34.514739990234375,1961.8733744010951,0.03974672,0.21295254
1961-12-16,29.663877487182617,34.5687370300293,1961.955509924709,-0.045529537,0.21137169
1962-01-16,30.015607833862305,34.7520637512207,1962.041067761807,-0.040413186,0.50064445
1962-02-15,29.767837524414062,34.87321853637695,1962.123203285421,0.06861593,0.7974635
1962-03-16,29.81302833557129,34.82067108154297,1962.2026009582478,0.035027593,0.6824266
1962-04-16,29.72891616821289,34.802284240722656,1962.2874743326488,0.045258194,0.66415757
1962-05-16,29.416519165039062,34.82780075073242,1962.3696098562627,0.12546796,0.78391796
1962-06-16,29.06270980834961,34.9391975402832,1962.454483230664,0.25343457,1.0845497
1962-07-16,28.638479232788086,34.8931999206543,1962.536618754278,0.32606637,1.0858852
1962-08-16,28.366117477416992,34.872894287109375,1962.621492128679,0.37684843,1.1051935
1962-09-16,28.452266693115234,34.712825775146484,1962.7063655030802,0.28586477,0.76610357
1962-10-16,29.017717361450195,34.64535140991211,1962.7885010266941,0.13110216,0.50675565
1962-11-16,29.159875869750977,34.51415252685547,1962.8733744010951,0.04078779,0.21308304
1962-12-16,29.755802154541016,33.78068542480469,1962.955509924709,-0.42037618,-1.3849549
1963-01-16,29.735671997070312,34.56207275390625,1963.041067761807,-0.06432326,0.18224834
1963-02-15,30.01838493347168,34.943382263183594,1963.123203285421,0.045069173,0.8826705
1963-03-16,30.16461753845215,35.01006317138672,1963.2026009582478,0.042904407,0.98386115
1963-04-16,29.925933837890625,34.897613525390625,1963.2874743326488,0.044812486,0.81147224
1963-05-16,29.527259826660156,34.98410415649414,1963.3696098562627,0.17144154,1.0721619
1963-06-16,28.987524032592773,35.001808166503906,1963.454483230664,0.29815024,1.2263118
1963-07-16,28.33132553100586,34.94793701171875,1963.536618754278,0.41827187,1.2629331
1963-08-16,28.104633331298828,34.80469512939453,1963.621492128679,0.4036853,1.0263216
1963-09-16,28.18317413330078,34.862735748291016,1963.7063655030802,0.4125246,1.1251239
1963-10-16,28.091962814331055,34.843624114990234,1963.7885010266941,0.42399088,1.1069671
1963-11-16,28.572132110595703,34.98137283325195,1963.8733744010951,0.38034055,1.2768273
1963-12-16,29.080324172973633,35.130218505859375,1963.955509924709,0.33551884,1.4627165
1964-01-16,29.59468650817871,35.10585403442383,1964.041067761807,0.21139513,1.3008277
1964-02-15,29.569934844970703,34.97524642944336,1964.123203285421,0.15806708,1.0450579
1964-03-16,29.625499725341797,34.69443130493164,1964.2053388090349,0.019475982,0.47120336
1964-04-16,29.359098434448242,34.76617431640625,1964.290212183436,0.11036863,0.67329764
1964-05-16,29.308889389038086,34.894649505615234,1964.37234770705,0.17922845,0.941294
1964-06-16,28.968507766723633,34.948246002197266,1964.457221081451,0.27823082,1.123371
1964-07-16,28.470863342285156,34.84417724609375,1964.539356605065,0.34088168,1.0247153
1964-08-16,28.19953727722168,34.14472579956055,1964.624229979466,0.08582025,-0.31449592
1964-09-16,28.27830696105957,34.66355895996094,1964.7091033538672,0.30196586,0.70584106
1964-10-16,28.984712600708008,34.54109573364258,1964.7912388774812,0.09144815,0.3055054
1964-11-16,29.26369285583496,34.82597351074219,1964.8761122518822,0.1582675,0.8138853
1964-12-16,29.3447265625,34.98174285888672,1964.9582477754961,0.21053629,1.1075966
1965-01-16,29.295654296875,34.941036224365234,1965.041067761807,0.2030142,1.0369792
1965-02-15,29.26160430908203,35.01874923706055,1965.123203285421,0.24547604,1.1998962
1965-03-16,29.315126419067383,34.9205436706543,1965.2026009582478,0.18950868,0.9917102
1965-04-16,28.95302391052246,34.87459945678711,1965.2874743326488,0.24849632,0.9794843
1965-05-16,28.699724197387695,34.878173828125,1965.3696098562627,0.30583075,1.042359
1965-06-16,28.119586944580078,34.883094787597656,1965.454483230664,0.43567535,1.1798311
1965-07-16,27.179119110107422,34.959651947021484,1965.536618754278,0.67702895,1.5398484
1965-08-16,26.809328079223633,34.91612243652344,1965.621492128679,0.7387947,1.5341433
1965-09-16,27.222017288208008,34.81533432006836,1965.7063655030802,0.60264844,1.2417755
1965-10-16,27.665987014770508,34.75078201293945,1965.7885010266941,0.4759266,1.0149976
1965-11-16,28.140153884887695,34.8613166809082,1965.8733744010951,0.4213505,1.1317502
1965-12-16,28.887676239013672,34.73898696899414,1965.955509924709,0.2018472,0.7226358
1966-01-16,28.967012405395508,34.538673400878906,1966.041067761807,0.09425214,0.30455476
1966-02-15,29.28660011291504,34.631195068359375,1966.123203285421,0.0655776,0.4192888
1966-03-16,29.091812133789062,34.57027053833008,1966.2026009582478,0.08101492,0.3402931
1966-04-16,29.04302406311035,34.584259033203125,1966.2874743326488,0.098043114,0.37900347
1966-05-16,28.585180282592773,34.580936431884766,1966.3696098562627,0.19727358,0.47308388
1966-06-16,27.98808479309082,34.64142608642578,1966.454483230664,0.35585493,0.7254242
1966-07-16,27.627975463867188,34.721885681152344,1966.536618754278,0.4712858,0.9655674
1966-08-16,27.152212142944336,34.74631118774414,1966.621492128679,0.5869452,1.1190864
1966-09-16,27.758466720581055,34.33644104003906,1966.7063655030802,0.26912764,0.16597007
1966-10-16,28.05048942565918,34.65584945678711,1966.7885010266941,0.34861642,0.7405419
1966-11-16,28.517305374145508,35.05763244628906,1966.8733744010951,0.42671925,1.4414084
1966-12-16,29.182146072387695,35.03645324707031,1966.955509924709,0.27092367,1.2527851
1967-01-16,29.3846435546875,34.98800277709961,1967.041067761807,0.2045715,1.1113347
1967-02-15,29.260150909423828,34.68819046020508,1967.123203285421,0.09704435,0.5390984
1967-03-16,29.280742645263672,34.58944320678711,1967.2026009582478,0.048077904,0.3370737
1967-04-16,29.155366897583008,34.75028991699219,1967.2874743326488,0.14804159,0.68634975
1967-05-16,29.01719856262207,34.69696044921875,1967.3696098562627,0.15444036,0.6100879
1967-06-16,28.678770065307617,34.81412887573242,1967.454483230664,0.2816204,0.918879
1967-07-16,28.026609420776367,34.55775451660156,1967.536618754278,0.3097273,0.5496056
1967-08-16,28.21610450744629,34.528133392333984,1967.621492128679,0.2547089,0.44867447
1967-09-16,28.5316162109375,34.57044982910156,1967.7063655030802,0.2043387,0.46389478
1967-10-16,28.609590530395508,34.36813735961914,1967.7885010266941,0.096143745,0.042115483
1967-11-16,28.80374526977539,34.920372009277344,1967.8733744010951,0.3019353,1.1038707
1967-12-16,29.418855667114258,34.88298034667969,1967.955509924709,0.14978474,0.8937631
1968-01-16,29.664918899536133,34.41661834716797,1968.041067761807,-0.11421206,-0.09309479
1968-02-15,28.994260787963867,34.21882247924805,1968.123203285421,-0.055675413,-0.34114173
1968-03-16,29.526199340820312,34.148780822753906,1968.2053388090349,-0.20422064,-0.5982515
1968-04-16,29.27509307861328,34.2847785949707,1968.290212183436,-0.08777826,-0.2710126
1968-05-16,29.031597137451172,34.38737106323242,1968.37234770705,0.0119574545,-0.012258565
1968-06-16,28.697872161865234,34.3880615234375,1968.457221081451,0.08568765,0.06254184
1968-07-16,28.068296432495117,34.19096374511719,1968.539356605065,0.13550031,-0.19314705
1968-08-16,28.0831241607666,34.47676086425781,1968.624229979466,0.2608469,0.3751851
1968-09-16,28.13245964050293,34.73970413208008,1968.7091033538672,0.36831757,0.8902178
1968-10-16,28.47367286682129,34.850669860839844,1968.7912388774812,0.34318525,1.0370824
1968-11-16,28.94599723815918,35.195762634277344,1968.8761122518822,0.3945656,1.6233566
1968-12-16,29.680225372314453,34.92709732055664,1968.9582477754961,0.11213606,0.9244957
1969-01-16,29.963916778564453,34.9295539855957,1969.041067761807,0.05082944,0.86699694
1969-02-15,29.08798599243164,34.840904235839844,1969.123203285421,0.20364183,0.88240224
1969-03-16,29.763927459716797,34.53139877319336,1969.2026009582478,-0.08434275,0.11468418
1969-04-16,29.580039978027344,34.315792083740234,1969.2874743326488,-0.1409105,-0.27607393
1969-05-16,29.21869659423828,34.329402923583984,1969.3696098562627,-0.055290088,-0.16935673
1969-06-16,28.82898712158203,34.554805755615234,1969.454483230664,0.13187727,0.36718503
1969-07-16,28.42107582092285,34.28974151611328,1969.536618754278,0.10233885,-0.07320297
1969-08-16,28.04235076904297,34.61513137817383,1969.621492128679,0.3320838,0.66089624
1969-09-16,28.39005470275879,34.87638854980469,1969.7063655030802,0.37315467,1.1069158
1969-10-16,28.39826202392578,34.814964294433594,1969.7885010266941,0.34370813,0.9822616
1969-11-16,28.964191436767578,34.832244873046875,1969.8733744010951,0.22697993,0.8923183
1969-12-16,29.6876163482666,34.934600830078125,1969.955509924709,0.11388661,0.9378767
1970-01-16,29.553964614868164,33.822235107421875,1970.041067761807,-0.35727456,-1.2574513
1970-02-15,29.77117347717285,34.09130859375,1970.123203285421,-0.28397745,-0.7670903
1970-03-16,30.06918716430664,34.43406677246094,1970.2026009582478,-0.19529928,-0.14713696
1970-04-16,29.45136260986328,34.22379684448242,1970.2874743326488,-0.15399934,-0.4317554
1970-05-16,29.000091552734375,34.34302520751953,1970.3696098562627,-0.0010669512,-0.094019055
1970-06-16,28.677949905395508,34.235103607177734,1970.454483230664,0.02123949,-0.2389911
1970-07-16,28.388427734375,34.63373947143555,1970.536618754278,0.2643205,0.6219755
1970-08-16,28.357486724853516,34.73961639404297,1970.621492128679,0.31877214,0.84053636
1970-09-16,28.637800216674805,34.6086540222168,1970.7063655030802,0.1981701,0.5169427
1970-10-16,29.181516647338867,34.37979507446289,1970.7885010266941,-0.024434034,-0.060392834
1970-11-16,29.55480194091797,34.657859802246094,1970.8733744010951,0.01857233,0.4136139
1970-12-16,29.780471801757812,34.341670989990234,1970.955509924709,-0.17336,-0.26841113
1971-01-16,29.587520599365234,34.71730041503906,1971.041067761807,0.03812249,0.525297
1971-02-15,29.797359466552734,34.386016845703125,1971.123203285421,-0.15711965,-0.18343471
1971-03-16,29.5008544921875,34.70608901977539,1971.2026009582478,0.052143916,0.5219407
1971-04-16,29.09786605834961,34.212158203125,1971.2874743326488,-0.08146749,-0.37726343
1971-05-16,29.182668685913086,34.49410629272461,1971.3696098562627,0.026752565,0.16797616
1971-06-16,28.990612030029297,34.57677459716797,1971.454483230664,0.10620577,0.37556523
1971-07-16,28.570070266723633,34.65146255493164,1971.536618754278,0.23233452,0.6174603
1971-08-16,28.301908493041992,34.491580963134766,1971.621492128679,0.2193834,0.35669276
1971-09-16,28.545419692993164,34.42814636230469,1971.7063655030802,0.13726538,0.17625107
1971-10-16,28.902658462524414,34.583412170410156,1971.7885010266941,0.12854245,0.40819016
1971-11-16,29.513301849365234,34.09458923339844,1971.8733744010951,-0.2257694,-0.7037973
1971-12-16,29.463529586791992,34.3006591796875,1971.955509924709,-0.12208803,-0.28070745
1972-01-16,29.002748489379883,34.446632385253906,1972.041067761807,0.04497175,0.11261077
1972-02-15,29.139841079711914,34.299617767333984,1972.123203285421,-0.051345196,-0.21157883
1972-03-16,29.251869201660156,34.26156997680664,1972.2053388090349,-0.093112886,-0.3123206
1972-04-16,29.227420806884766,33.98822021484375,1972.290212183436,-0.21074164,-0.8536415
1972-05-16,28.520851135253906,34.217079162597656,1972.37234770705,0.04769022,-0.24047825
1972-06-16,27.73240852355957,34.7088623046875,1972.457221081451,0.44245002,0.9165454
1972-07-16,27.229137420654297,34.89252853393555,1972.539356605065,0.63581944,1.3945975
1972-08-16,27.545867919921875,34.645957946777344,1972.624229979466,0.455182,0.8317756
1972-09-16,27.593647003173828,34.68919372558594,1972.7091033538672,0.46412668,0.90773576
1972-10-16,27.952144622802734,34.770076751708984,1972.7912388774812,0.42165455,0.99063236
1972-11-16,28.669340133666992,34.74489212036133,1972.8761122518822,0.25253847,0.78248006
1972-12-16,29.171001434326172,34.77419662475586,1972.9582477754961,0.15536,0.7307236
1973-01-16,29.976150512695312,34.737937927246094,1973.041067761807,-0.0380892,0.48107344
1973-02-15,29.406291961669922,34.59440612792969,1973.123203285421,0.022690363,0.3193787
1973-03-16,29.38202667236328,34.31035232543945,1973.2026009582478,-0.099795476,-0.24339055
1973-04-16,29.707616806030273,33.683387756347656,1973.2874743326488,-0.45355934,-1.5689495
1973-05-16,28.996858596801758,34.2057991027832,1973.3696098562627,-0.062107444,-0.36776
1973-06-16,28.726051330566406,34.39021682739258,1973.454483230664,0.08045813,0.060653042
1973-07-16,28.307910919189453,34.56631851196289,1973.536618754278,0.25169477,0.5048473
1973-08-16,28.297224044799805,34.8117561340332,1973.621492128679,0.3644928,0.99807364
1973-09-16,28.562759399414062,34.97373962402344,1973.7063655030802,0.3789676,1.2636229
1973-10-16,28.907310485839844,34.979095458984375,1973.7885010266941,0.30557647,1.1985333
1973-11-16,29.76226806640625,34.990753173828125,1973.8733744010951,0.12273179,1.033758
1973-12-16,29.9632568359375,35.11429977416992,1973.955509924709,0.13411023,1.2366338
1974-01-16,29.685543060302734,35.084693908691406,1974.041067761807,0.18188465,1.2385191
1974-02-15,29.392894744873047,34.96446990966797,1974.123203285421,0.19216645,1.0624537
1974-03-16,29.50977897644043,34.850765228271484,1974.2026009582478,0.11528482,0.80932975
1974-04-16,29.284748077392578,34.839874267578125,1974.2874743326488,0.15989068,0.8370546
1974-05-16,28.92923927307129,34.931060791015625,1974.3696098562627,0.27913654,1.0976397
1974-06-16,28.793920516967773,34.900779724121094,1974.454483230664,0.2952802,1.0668477
1974-07-16,28.635576248168945,35.00628662109375,1974.536618754278,0.37759402,1.3126972
1974-08-16,28.292192459106445,34.976524353027344,1974.621492128679,0.43974546,1.3287171
1974-09-16,28.479825973510742,35.02134323120117,1974.7063655030802,0.41863456,1.3770754
1974-10-16,29.19230842590332,34.84382247924805,1974.7885010266941,0.18200411,0.8652878
1974-11-16,29.638643264770508,34.65896224975586,1974.8733744010951,0.00062333775,0.39737368
1974-12-16,29.576068878173828,34.926788330078125,1974.955509924709,0.13491143,0.9467922
1975-01-16,29.754709243774414,34.99913787841797,1975.041067761807,0.12816785,1.0521904
1975-02-15,29.626670837402344,34.92424392700195,1975.123203285421,0.12263402,0.9305709
1975-03-16,29.67827796936035,34.539764404296875,1975.2026009582478,-0.061735325,0.15025833
1975-04-16,29.736984252929688,34.63740539550781,1975.2874743326488,-0.03071227,0.33262494
1975-05-16,29.73548698425293,34.57840347290039,1975.3696098562627,-0.056933723,0.21495049
1975-06-16,29.31260108947754,34.77097702026367,1975.454483230664,0.12275927,0.69313246
1975-07-16,28.968547821044922,34.81154251098633,1975.536618754278,0.21670544,0.84995514
1975-08-16,28.45806121826172,34.76078414916992,1975.621492128679,0.30617124,0.8607455
1975-09-16,28.647836685180664,34.81892013549805,1975.7063655030802,0.29058182,0.93526685
1975-10-16,29.10573959350586,35.003334045410156,1975.7885010266941,0.27282944,1.2033561
1975-11-16,29.535337448120117,35.026710510253906,1975.8733744010951,0.18883735,1.1555974
1975-12-16,29.754764556884766,34.88420104980469,1975.955509924709,0.07643412,0.82230455
1976-01-16,29.602930068969727,34.96711730957031,1976.041067761807,0.14715001,1.0215408
1976-02-15,29.054698944091797,34.95833969116211,1976.123203285421,0.26381093,1.1245964
1976-03-16,29.295616149902344,34.91179275512695,1976.2053388090349,0.18986303,0.9785006
1976-04-16,29.399229049682617,34.662315368652344,1976.290212183436,0.054803368,0.45675105
1976-05-16,29.243675231933594,34.605430603027344,1976.37234770705,0.06342706,0.37720335
1976-06-16,28.982524871826172,34.75789260864258,1976.457221081451,0.18948805,0.7395804
1976-07-16,28.36989402770996,34.69485092163086,1976.539356605065,0.29589805,0.7482758
1976-08-16,27.870159149169922,35.03679656982422,1976.624229979466,0.5597152,1.5421089
1976-09-16,27.59599494934082,35.166015625,1976.7091033538672,0.6781799,1.8608631
1976-10-16,28.298175811767578,34.965091705322266,1976.7912388774812,0.43328443,1.3045355
1976-11-16,29.176820755004883,34.84347152709961,1976.8761122518822,0.18525346,0.8679932
1976-12-16,29.867271423339844,34.58422088623047,1976.9582477754961,-0.083308466,0.19759274
1977-01-16,29.592334747314453,34.36808776855469,1977.041067761807,-0.1200823,-0.17418744
1977-02-15,29.74197769165039,33.048946380615234,1977.123203285421,-0.74661744,-2.8453918
1977-03-16,29.554861068725586,33.28252029418945,1977.2026009582478,-0.6003435,-2.3370783
1977-04-16,29.548486709594727,33.81218338012695,1977.2874743326488,-0.36059272,-1.2763495
1977-05-16,29.217330932617188,33.680572509765625,1977.3696098562627,-0.34696332,-1.4667171
1977-06-16,28.526168823242188,34.067138671875,1977.454483230664,-0.02095288,-0.5415291
1977-07-16,28.171573638916016,34.53789138793945,1977.536618754278,0.26889676,0.47798726
1977-08-16,27.938875198364258,34.58937072753906,1977.621492128679,0.34325612,0.63213956
1977-09-16,27.816125869750977,34.661346435546875,1977.7063655030802,0.40265006,0.8030959
1977-10-16,28.119354248046875,34.44307327270508,1977.7885010266941,0.23771688,0.2998393
1977-11-16,28.71198081970215,34.34145736694336,1977.8733744010951,0.061611876,-0.03377037
1977-12-16,29.444974899291992,34.388328552246094,1977.955509924709,-0.07855479,-0.1012867
1978-01-16,29.762182235717773,34.360595703125,1978.041067761807,-0.16082019,-0.22653802
1978-02-15,29.163101196289062,34.22078323364258,1978.123203285421,-0.09193796,-0.37436512
1978-03-16,29.4998722076416,34.06619644165039,1978.2026009582478,-0.23559165,-0.7576283
1978-04-16,29.489011764526367,33.632904052734375,1978.2874743326488,-0.4281839,-1.6218238
1978-05-16,29.35833740234375,33.91767501831055,1978.3696098562627,-0.2712886,-1.0235335
1978-06-16,29.05860710144043,34.16849899291992,1978.454483230664,-0.092477165,-0.4559449
1978-07-16,28.662742614746094,34.33320236206055,1978.536618754278,0.068729535,-0.039447974
1978-08-16,28.141189575195312,34.44651412963867,1978.621492128679,0.2344615,0.30191723
1978-09-16,28.36264419555664,34.609867095947266,1978.7063655030802,0.2592503,0.5799031
1978-10-16,28.26692771911621,34.86787796020508,1978.7885010266941,0.39641282,1.1169826
1978-11-16,28.807632446289062,35.0230712890625,1978.8733744010951,0.34729478,1.3084141
1978-12-16,29.467273712158203,35.171058654785156,1978.955509924709,0.26876798,1.4592679
1979-01-16,29.32697105407715,34.57096481323242,1979.041067761807,0.02959238,0.28994668
1979-02-15,29.16913414001465,34.36599349975586,1979.123203285421,-0.02792059,-0.085271835
1979-03-16,29.513456344604492,34.066680908203125,1979.2026009582478,-0.23836213,-0.7596479
1979-04-16,29.285598754882812,34.30528259277344,1979.2874743326488,-0.080862716,-0.23231587
1979-05-16,29.034534454345703,34.35806655883789,1979.3696098562627,-0.0018757844,-0.07151379
1979-06-16,28.687461853027344,34.51198196411133,1979.454483230664,0.14374211,0.312673
1979-07-16,28.122098922729492,34.64323806762695,1979.536618754278,0.3271872,0.699565
1979-08-16,27.689382553100586,34.70151901245117,1979.621492128679,0.44861123,0.91132456
1979-09-16,27.748872756958008,34.5598030090332,1979.7063655030802,0.37175116,0.6148047
1979-10-16,28.207239151000977,34.4914436340332,1979.7885010266941,0.24014886,0.37724534
1979-11-16,29.236358642578125,34.43150329589844,1979.8733744010951,-0.013230572,0.03095837
1979-12-16,29.528657913208008,34.44853210449219,1979.955509924709,-0.069873445,0.0007101483
1980-01-16,29.921913146972656,34.018821716308594,1980.041067761807,-0.34975925,-0.9452268
1980-02-15,29.45707130432129,33.97355651855469,1980.123203285421,-0.26786342,-0.933492
1980-03-16,29.569534301757812,33.7774772644043,1980.2053388090349,-0.38084093,-1.3503923
1980-04-16,29.31797981262207,34.03439712524414,1980.290212183436,-0.209885,-0.78121066
1980-05-16,29.18820571899414,34.04640197753906,1980.37234770705,-0.17593253,-0.7286506
1980-06-16,28.480693817138672,34.3642578125,1980.457221081451,0.122755215,0.06271365
1980-07-16,28.104402542114258,34.29884338378906,1980.539356605065,0.17610282,0.014668886
1980-08-16,28.023502349853516,34.32975387573242,1980.624229979466,0.20781057,0.0942879
1980-09-16,28.020835876464844,34.293766021728516,1980.7091033538672,0.19220266,0.022898827
1980-10-16,28.408437728881836,34.322174072265625,1980.7912388774812,0.11971389,-0.0055574737
1980-11-16,29.229108810424805,34.38804626464844,1980.8761122518822,-0.031191273,-0.05436073
1980-12-16,29.652957916259766,34.41913986206055,1980.9582477754961,-0.110445954,-0.08542034
1981-01-16,29.962919235229492,34.236637115478516,1981.041067761807,-0.26076367,-0.51861733
1981-02-15,29.290637969970703,34.0876350402832,1981.123203285421,-0.17991275,-0.6687196
1981-03-16,28.995601654052734,34.311214447021484,1981.2026009582478,-0.014394017,-0.1566528
1981-04-16,29.41811752319336,34.281253814697266,1981.2874743326488,-0.12082979,-0.30952755
1981-05-16,29.264453887939453,34.32898712158203,1981.3696098562627,-0.0655438,-0.18025494
1981-06-16,29.195293426513672,34.33104705810547,1981.454483230664,-0.049401533,-0.16091977
1981-07-16,28.421167373657227,34.36280059814453,1981.536618754278,0.1351953,0.07289505
1981-08-16,28.19796371459961,34.42274475097656,1981.621492128679,0.21127495,0.24188815
1981-09-16,28.192583084106445,34.538211822509766,1981.7063655030802,0.26441887,0.47400606
1981-10-16,28.75861358642578,34.5384407043457,1981.7885010266941,0.13999517,0.3499371
1981-11-16,29.644319534301758,34.44671630859375,1981.8733744010951,-0.096136115,-0.028367002
1981-12-16,30.079301834106445,34.25845718383789,1981.955509924709,-0.27654883,-0.5005814
1982-01-16,29.980817794799805,33.9963493347168,1982.041067761807,-0.37283087,-1.0031306
1982-02-15,29.75554656982422,34.09789276123047,1982.123203285421,-0.27757666,-0.75048405
1982-03-16,29.555126190185547,34.00672912597656,1982.2026009582478,-0.2745078,-0.88871884
1982-04-16,29.23601722717285,33.957435607910156,1982.2874743326488,-0.22648592,-0.9171019
1982-05-16,29.280118942260742,33.73263931274414,1982.3696098562627,-0.33734664,-1.3763968
1982-06-16,28.866323471069336,34.25971221923828,1982.454483230664,-0.009128816,-0.23121606
1982-07-16,28.002334594726562,34.590423583984375,1982.536618754278,0.32976884,0.6202842
1982-08-16,27.499013900756836,34.92329025268555,1982.621492128679,0.59028935,1.3967482
1982-09-16,27.75227928161621,34.90413284301758,1982.7063655030802,0.52595013,1.302715
1982-10-16,28.107776641845703,34.82761764526367,1982.7885010266941,0.41330892,1.0714751
1982-11-16,28.493350982666016,34.89434051513672,1982.8733744010951,0.35850784,1.1200945
1982-12-16,30.213333129882812,34.559635162353516,1982.955509924709,-0.17050561,0.07228771
1983-01-16,29.903654098510742,34.51948547363281,1983.041067761807,-0.1204436,0.060117725
1983-02-15,29.318347930908203,34.47976303100586,1983.123203285421,-0.009551335,0.10944019
1983-03-16,29.469945907592773,34.312679290771484,1983.2026009582478,-0.11809057,-0.25807884
1983-04-16,29.805110931396484,33.86067581176758,1983.2874743326488,-0.39522845,-1.2358221
1983-05-16,29.580732345581055,33.69355392456055,1983.3696098562627,-0.42106998,-1.5207026
1983-06-16,29.030916213989258,33.965415954589844,1983.454483230664,-0.17777254,-0.856019
1983-07-16,27.819597244262695,34.319820404052734,1983.536618754278,0.24819963,0.119280085
1983-08-16,27.68041229248047,34.241798400878906,1983.621492128679,0.24371043,-0.0061432235
1983-09-16,28.04146957397461,33.901004791259766,1983.7063655030802,0.010920703,-0.7671631
1983-10-16,28.80810546875,33.622127532958984,1983.7885010266941,-0.28323397,-1.4935774
1983-11-16,29.18662452697754,33.76053237915039,1983.8733744010951,-0.30422598,-1.3000419
1983-12-16,29.800796508789062,33.60389709472656,1983.955509924709,-0.5098297,-1.7484304
1984-01-16,30.36046600341797,33.616065979003906,1984.041067761807,-0.62748104,-1.8472198
1984-02-15,30.05538558959961,33.870567321777344,1984.123203285421,-0.44583768,-1.2710994
1984-03-16,29.91008758544922,33.90755844116211,1984.2053388090349,-0.39722613,-1.1651517
1984-04-16,29.637554168701172,33.969478607177734,1984.290212183436,-0.3094047,-0.98135406
1984-05-16,29.513633728027344,33.9992790222168,1984.37234770705,-0.268732,-0.8944907
1984-06-16,29.114076614379883,34.05617141723633,1984.457221081451,-0.15522787,-0.6928034
1984-07-16,28.404685974121094,34.141929626464844,1984.539356605065,0.039429262,-0.365221
1984-08-16,28.06194496154785,34.04716110229492,1984.624229979466,0.072186455,-0.479355
1984-09-16,28.6021728515625,33.91766357421875,1984.7091033538672,-0.10493757,-0.8572002
1984-10-16,28.86285972595215,34.00300598144531,1984.7912388774812,-0.1238846,-0.7438665
1984-11-16,29.486827850341797,34.14457702636719,1984.8761122518822,-0.19745061,-0.5979974
1984-12-16,29.622453689575195,34.027976989746094,1984.9582477754961,-0.2797583,-0.86103517
1985-01-16,29.57815933227539,33.88386535644531,1985.041067761807,-0.33486378,-1.1395136
1985-02-15,29.7036190032959,33.85330581665039,1985.123203285421,-0.3762167,-1.2282338
1985-03-16,29.254344940185547,33.86767578125,1985.2026009582478,-0.27090994,-1.1006536
1985-04-16,29.5791072845459,33.837406158447266,1985.2874743326488,-0.35597897,-1.2326406
1985-05-16,29.514223098754883,33.92867660522461,1985.3696098562627,-0.30063275,-1.0358251
1985-06-16,29.03509521484375,33.97829055786133,1985.454483230664,-0.17289834,-0.83118916
1985-07-16,28.831071853637695,34.04194259643555,1985.536618754278,-0.09936979,-0.659
1985-08-16,28.375690460205078,34.0686149597168,1985.621492128679,0.012816682,-0.5054713
1985-09-16,28.86455726623535,34.02877426147461,1985.7063655030802,-0.11266234,-0.6927034
1985-10-16,29.17498016357422,34.11043930053711,1985.7885010266941,-0.1442061,-0.5976664
1985-11-16,29.557714462280273,33.990325927734375,1985.8733744010951,-0.28245866,-0.92209464
1985-12-16,29.875091552734375,33.744850158691406,1985.955509924709,-0.4627457,-1.4828691
1986-01-16,30.14520263671875,33.91699981689453,1986.041067761807,-0.44470283,-1.1979942
1986-02-15,29.489412307739258,33.886695861816406,1986.123203285421,-0.31406572,-1.1143283
1986-03-16,30.183256149291992,33.91782760620117,1986.2026009582478,-0.45270208,-1.2047104
1986-04-16,29.735464096069336,33.88094711303711,1986.2874743326488,-0.37078404,-1.1799572
1986-05-16,29.725183486938477,33.86609649658203,1986.3696098562627,-0.3752051,-1.2073966
1986-06-16,28.987932205200195,34.2786865234375,1986.454483230664,-0.027344301,-0.22002137
1986-07-16,28.451215744018555,34.57058334350586,1986.536618754278,0.22208688,0.4818499
1986-08-16,28.102344512939453,34.614688873291016,1986.621492128679,0.31868604,0.6468126
1986-09-16,27.89258575439453,34.611595153808594,1986.7063655030802,0.3634408,0.6867721
1986-10-16,28.322160720825195,34.59284591674805,1986.7885010266941,0.26049715,0.55476713
1986-11-16,28.950023651123047,34.51694869995117,1986.8733744010951,0.088213556,0.2648429
1986-12-16,29.166805267333984,34.57151794433594,1986.955509924709,0.06507777,0.32628942
1987-01-16,29.921010971069336,34.518775939941406,1987.041067761807,-0.1245814,0.054880146
1987-02-15,29.16115379333496,34.408241271972656,1987.123203285421,-0.007153417,0.0009793871
1987-03-16,29.325531005859375,34.175682067871094,1987.2026009582478,-0.14796804,-0.500302
1987-04-16,29.407188415527344,34.048702239990234,1987.2874743326488,-0.2230736,-0.77222633
1987-05-16,29.01451873779297,34.278282165527344,1987.3696098562627,-0.0333753,-0.22667912
1987-06-16,28.532625198364258,34.401100158691406,1987.454483230664,0.12790938,0.124973446
1987-07-16,27.798646926879883,34.41093444824219,1987.536618754278,0.29381004,0.30611727
1987-08-16,27.413637161254883,34.40690231323242,1987.621492128679,0.3766977,0.38275513
1987-09-16,27.721961975097656,34.38556671142578,1987.7063655030802,0.29926524,0.27225247
1987-10-16,28.11522102355957,34.349308013916016,1987.7885010266941,0.19643182,0.11321807
1987-11-16,28.85991668701172,34.14085006713867,1987.8733744010951,-0.061207294,-0.46753085
1987-12-16,29.259944915771484,33.88489532470703,1987.955509924709,-0.26439312,-1.0674465
1988-01-16,29.149808883666992,34.04316329956055,1988.041067761807,-0.16894262,-0.7266807
1988-02-15,29.388919830322266,33.95711135864258,1988.123203285421,-0.2602704,-0.951389
1988-03-16,29.682537078857422,34.01328659057617,1988.2053388090349,-0.29958734,-0.9036343
1988-04-16,29.712055206298828,33.972049713134766,1988.290212183436,-0.32463792,-0.99260205
1988-05-16,29.457374572753906,33.95920181274414,1988.37234770705,-0.27438974,-0.9622681
1988-06-16,29.31817054748535,33.90617752075195,1988.457221081451,-0.26762578,-1.0376917
1988-07-16,28.97264289855957,33.91343307495117,1988.539356605065,-0.1883447,-0.94716465
1988-08-16,28.848783493041992,34.004886627197266,1988.624229979466,-0.11994153,-0.73700845
1988-09-16,28.936830520629883,33.95493698120117,1988.7091033538672,-0.16178922,-0.8562781
1988-10-16,29.576763153076172,33.98920440673828,1988.7912388774812,-0.28715405,-0.9285284
1988-11-16,29.85248374938965,33.84518051147461,1988.8761122518822,-0.41262338,-1.2772347
1988-12-16,29.940692901611328,33.955928802490234,1988.9582477754961,-0.38219264,-1.0751442
1989-01-16,30.007869720458984,34.05562210083008,1989.041067761807,-0.35210952,-0.8905365
1989-02-15,29.67439842224121,34.12596893310547,1989.123203285421,-0.24708977,-0.6764791
1989-03-16,29.6905517578125,33.995201110839844,1989.2026009582478,-0.30948904,-0.9415685
1989-04-16,29.649166107177734,34.05992126464844,1989.2874743326488,-0.2712601,-0.80302334
1989-05-16,29.449989318847656,34.00334548950195,1989.3696098562627,-0.25290033,-0.872356
1989-06-16,29.25721549987793,34.15220642089844,1989.454483230664,-0.14350267,-0.5322239
1989-07-16,28.881298065185547,34.27135467529297,1989.536618754278,-0.0071841255,-0.21122555
1989-08-16,28.828094482421875,34.44088363647461,1989.621492128679,0.0808087,0.13953717
1989-09-16,28.87352752685547,34.44876480102539,1989.7063655030802,0.07435995,0.14530422
1989-10-16,29.229969024658203,34.423526763916016,1989.7885010266941,-0.015414296,0.016411021
1989-11-16,30.004220962524414,34.41964340209961,1989.8733744010951,-0.18749723,-0.16169113
1989-12-16,29.87528419494629,34.40974044799805,1989.955509924709,-0.16358747,-0.15313095
1990-01-16,29.77191162109375,34.22389602661133,1990.041067761807,-0.2244755,-0.5020779
1990-02-15,29.691186904907227,34.416011810302734,1990.123203285421,-0.12026396,-0.10008682
1990-03-16,29.753116607666016,34.36817932128906,1990.2026009582478,-0.1554131,-0.20937634
1990-04-16,29.48471450805664,34.19129943847656,1990.2874743326488,-0.1759606,-0.5040876
1990-05-16,29.22012710571289,34.15713882446289,1990.3696098562627,-0.13312365,-0.5141997
1990-06-16,28.85947608947754,34.23677444458008,1990.454483230664,-0.017944392,-0.27558517
1990-07-16,28.595775604248047,34.226051330566406,1990.536618754278,0.03524431,-0.2390173
1990-08-16,28.21379280090332,34.34972381591797,1990.621492128679,0.17493315,0.092363894
1990-09-16,28.112802505493164,34.37944412231445,1990.7063655030802,0.21052514,0.17402236
1990-10-16,28.767824172973633,34.03531265258789,1990.7885010266941,-0.08843878,-0.65834534
1990-11-16,29.440019607543945,34.11266326904297,1990.8733744010951,-0.201514,-0.6515271
1990-12-16,29.72200584411621,34.04701232910156,1990.955509924709,-0.2930939,-0.844866
1991-01-16,30.2415714263916,33.864925384521484,1991.041067761807,-0.48933744,-1.3233442
1991-02-15,29.814577102661133,33.799198150634766,1991.123203285421,-0.42497596,-1.36086
1991-03-16,29.24114418029785,33.86045455932617,1991.2026009582478,-0.2712553,-1.1121919
1991-04-16,29.7030029296875,33.87327194213867,1991.2874743326488,-0.3670964,-1.188166
1991-05-16,29.29029083251953,33.90764617919922,1991.3696098562627,-0.26083136,-1.028621
1991-06-16,28.693899154663086,33.97303009033203,1991.454483230664,-0.10020242,-0.766647
1991-07-16,28.41585922241211,34.30703353881836,1991.536618754278,0.11126791,-0.037471276
1991-08-16,28.037912368774414,34.4632453918457,1991.621492128679,0.26471156,0.35810074
1991-09-16,28.097232818603516,34.54954528808594,1991.7063655030802,0.290496,0.51765
1991-10-16,28.585872650146484,34.73585510253906,1991.7885010266941,0.26683465,0.7827689
1991-11-16,28.798254013061523,34.79751968383789,1991.8733744010951,0.2478598,0.85937417
1991-12-16,29.64226722717285,34.81111145019531,1991.955509924709,0.06829321,0.70087475
1992-01-16,29.468236923217773,34.70347595214844,1992.041067761807,0.058143906,0.52389044
1992-02-15,29.44707489013672,34.44883346557617,1992.123203285421,-0.051789574,0.019261133
1992-03-16,28.8413028717041,34.53525161743164,1992.2053388090349,0.120368436,0.3253673
1992-04-16,29.207050323486328,34.509521484375,1992.290212183436,0.028325442,0.19344257
1992-05-16,28.583415985107422,34.47095489501953,1992.37234770705,0.14817002,0.25350896
1992-06-16,28.093015670776367,34.40074157714844,1992.457221081451,0.2244621,0.22097038
1992-07-16,27.502300262451172,34.474666595458984,1992.539356605065,0.38768575,0.4987778
1992-08-16,27.511207580566406,34.24740982055664,1992.624229979466,0.2834606,0.042304654
1992-09-16,27.759464263916016,34.26771926879883,1992.7091033538672,0.23798338,0.02830707
1992-10-16,28.012916564941406,34.3602294921875,1992.7912388774812,0.22385347,0.15756801
1992-11-16,28.327388763427734,34.358341217041016,1992.8761122518822,0.15381987,0.084607586
1992-12-16,29.609663009643555,34.29943084716797,1992.9582477754961,-0.15479013,-0.3153135
1993-01-16,28.904848098754883,34.412723541259766,1993.041067761807,0.051250856,0.06633118
1993-02-15,28.75286102294922,34.306129455566406,1993.123203285421,0.03672068,-0.11341984
1993-03-16,28.786846160888672,34.46398162841797,1993.2026009582478,0.100277424,0.19480778
1993-04-16,28.8764591217041,34.32975769042969,1993.2874743326488,0.0201618,-0.093354955
1993-05-16,28.109128952026367,34.27655029296875,1993.3696098562627,0.1650311,-0.030957114
1993-06-16,27.633054733276367,34.28400421142578,1993.454483230664,0.27312168,0.08868705
1993-07-16,27.358339309692383,34.32503128051758,1993.536618754278,0.35202128,0.2311786
1993-08-16,26.925559997558594,34.324806213378906,1993.621492128679,0.44713145,0.32593992
1993-09-16,27.073081970214844,34.37080383300781,1993.7063655030802,0.43537554,0.3854803
1993-10-16,27.38591766357422,34.40529251098633,1993.7885010266941,0.38207158,0.38563383
1993-11-16,28.234668731689453,34.302120208740234,1993.8733744010951,0.14891881,-0.0074360333
1993-12-16,29.110061645507812,33.975914001464844,1993.955509924709,-0.19046041,-0.8524349
1994-01-16,29.201475143432617,33.90357971191406,1994.041067761807,-0.2431218,-1.0172144
1994-02-15,29.336950302124023,33.83730697631836,1994.123203285421,-0.30274907,-1.1795644
1994-03-16,29.705333709716797,33.847938537597656,1994.2026009582478,-0.37900922,-1.2393457
1994-04-16,29.35544776916504,33.973548889160156,1994.2874743326488,-0.24550965,-0.9111501
1994-05-16,29.07656478881836,33.91720199584961,1994.3696098562627,-0.2095115,-0.9624896
1994-06-16,28.635967254638672,33.96238327026367,1994.454483230664,-0.09224847,-0.7751956
1994-07-16,27.923748016357422,34.00296401977539,1994.536618754278,0.0827011,-0.5373458
1994-08-16,27.784507751464844,34.106163024902344,1994.621492128679,0.15977351,-0.30031496
1994-09-16,27.56710433959961,34.18256378173828,1994.7063655030802,0.24198258,-0.09968473
1994-10-16,27.866382598876953,34.33937454223633,1994.7885010266941,0.24670622,0.1480956
1994-11-16,28.736635208129883,34.334224700927734,1994.8733744010951,0.052933216,-0.053659666
1994-12-16,29.33040428161621,34.3314094543457,1994.955509924709,-0.07896285,-0.18991937
1995-01-16,29.742351531982422,34.29331970214844,1995.041067761807,-0.18673162,-0.35672724
1995-02-15,29.66618537902832,33.95869064331055,1995.123203285421,-0.32055816,-1.0092288
1995-03-16,29.66768455505371,33.97856903076172,1995.2026009582478,-0.3119427,-0.9698019
1995-04-16,29.80193519592285,33.85334014892578,1995.2874743326488,-0.3978308,-1.2497947
1995-05-16,29.34597396850586,33.94436264038086,1995.3696098562627,-0.25655922,-0.96743834
1995-06-16,28.914270401000977,33.986759185791016,1995.454483230664,-0.142506,-0.78767043
1995-07-16,28.64837646484375,34.28133773803711,1995.536618754278,0.048551004,-0.14001667
1995-08-16,28.510799407958984,34.35306930541992,1995.621492128679,0.111097164,0.03371342
1995-09-16,28.498579025268555,34.36161804199219,1995.7063655030802,0.117632575,0.053499375
1995-10-16,29.315351486206055,34.42177963256836,1995.7885010266941,-0.03498465,-0.0058673844
1995-11-16,29.567867279052734,34.558448791503906,1995.8733744010951,-0.029036999,0.21191746
1995-12-16,30.267654418945312,34.45612716674805,1995.955509924709,-0.2290349,-0.14667897
1996-01-16,30.243183135986328,34.4616584777832,1996.041067761807,-0.22116214,-0.13023266
1996-02-15,30.453075408935547,34.224029541015625,1996.123203285421,-0.37427145,-0.6516668
1996-03-16,29.985618591308594,34.302284240722656,1996.2053388090349,-0.23621634,-0.3923169
1996-04-16,30.071842193603516,34.236289978027344,1996.290212183436,-0.28488293,-0.5432747
1996-05-16,29.579648971557617,34.438148498535156,1996.37234770705,-0.0857641,-0.031275097
1996-06-16,28.99345588684082,34.622501373291016,1996.457221081451,0.12615716,0.46639314
1996-07-16,28.772768020629883,34.70659637451172,1996.539356605065,0.21255124,0.68313444
1996-08-16,28.644062042236328,34.70661544799805,1996.624229979466,0.24087514,0.7114879
1996-09-16,29.00147247314453,34.58637237548828,1996.7091033538672,0.10813547,0.3923715
1996-10-16,29.36119270324707,34.47982406616211,1996.7912388774812,-0.018949721,0.100136414
1996-11-16,30.162681579589844,34.29804992675781,1996.8761122518822,-0.27707562,-0.4397394
1996-12-16,30.27804183959961,34.49017333984375,1996.9582477754961,-0.21599934,-0.080871835
1997-01-16,29.835100173950195,34.53318786621094,1997.041067761807,-0.099195644,0.102604374
1997-02-15,29.80040168762207,34.313140869140625,1997.123203285421,-0.19058314,-0.32985595
1997-03-16,29.41177749633789,34.33220672607422,1997.2026009582478,-0.09650618,-0.20622693
1997-04-16,29.243213653564453,34.3964958190918,1997.2874743326488,-0.03049204,-0.04056469
1997-05-16,28.610973358154297,34.57443618774414,1997.3696098562627,0.188674,0.4544089
1997-06-16,27.96470069885254,34.743446350097656,1997.454483230664,0.40690854,0.93460923
1997-07-16,27.712228775024414,34.73420333862305,1997.536618754278,0.458293,0.971667
1997-08-16,27.296184539794922,34.88702392578125,1997.621492128679,0.61859196,1.368838
1997-09-16,27.114286422729492,34.919918060302734,1997.7063655030802,0.6734119,1.4746438
1997-10-16,27.56460952758789,35.00560760498047,1997.7885010266941,0.61290115,1.5469519
1997-11-16,28.488117218017578,35.062889099121094,1997.8733744010951,0.43550614,1.4583431
1997-12-16,29.331525802612305,34.84384536743164,1997.955509924709,0.15138659,0.8347057
1998-01-16,29.22467041015625,34.71743392944336,1998.041067761807,0.11800961,0.605391
1998-02-15,29.477737426757812,34.470420837402344,1998.123203285421,-0.04882101,0.05569012
1998-03-16,29.442264556884766,34.22834396362305,1998.2026009582478,-0.14995158,-0.42065957
1998-04-16,29.757646560668945,34.14232635498047,1998.2874743326488,-0.25804353,-0.66207886
1998-05-16,29.66473388671875,34.2673454284668,1998.3696098562627,-0.18134417,-0.39159992
1998-06-16,29.13845443725586,34.285667419433594,1998.454483230664,-0.05731779,-0.23917447
1998-07-16,28.411666870117188,34.40422439575195,1998.536618754278,0.15592611,0.15783276
1998-08-16,28.421987533569336,34.36163330078125,1998.621492128679,0.13448957,0.07038002
1998-09-16,28.681833267211914,34.28749465942383,1998.7063655030802,0.043961123,-0.13506334
1998-10-16,29.260374069213867,34.25501251220703,1998.7885010266941,-0.09793481,-0.32730657
1998-11-16,29.664875030517578,34.13653564453125,1998.8733744010951,-0.24023962,-0.6532506
1998-12-16,29.884580612182617,34.235572814941406,1998.955509924709,-0.24400812,-0.5035114
1999-01-16,30.20566749572754,34.22785568237305,1999.041067761807,-0.31811994,-0.5895848
1999-02-15,29.506807327270508,34.294029235839844,1999.123203285421,-0.13459261,-0.30348846
1999-03-16,29.631057739257812,34.25046157836914,1999.2026009582478,-0.18153314,-0.41795886
1999-04-16,30.361061096191406,34.071346282958984,1999.2874743326488,-0.42273578,-0.9367902
1999-05-16,30.017105102539062,34.19358825683594,1999.3696098562627,-0.29205656,-0.616636
1999-06-16,29.432893753051758,34.26922607421875,1999.454483230664,-0.12949304,-0.3368338
1999-07-16,28.934499740600586,34.355289459228516,1999.536618754278,0.018882161,-0.055060346
1999-08-16,28.63205909729004,34.27178192138672,1999.621492128679,0.04784071,-0.15553848
1999-09-16,29.06739044189453,34.17805099487305,1999.7063655030802,-0.09011111,-0.4387732
1999-10-16,29.58509635925293,34.10514450073242,1999.7885010266941,-0.23681432,-0.69848156
1999-11-16,29.907224655151367,34.1544075012207,1999.8733744010951,-0.2855142,-0.67082375
1999-12-16,30.321277618408203,34.07073974609375,1999.955509924709,-0.41425636,-0.9292509
2000-01-16,30.535110473632812,34.16099548339844,2000.041067761807,-0.4206845,-0.7957827
2000-02-15,30.52816390991211,34.2639274597168,2000.123203285421,-0.37283686,-0.58839047
2000-03-16,30.046875,34.32149887084961,2000.2053388090349,-0.24104616,-0.36736408
2000-04-16,30.053720474243164,34.39512634277344,2000.290212183436,-0.20941982,-0.22161515
2000-05-16,29.718341827392578,34.421875,2000.37234770705,-0.123599604,-0.09433453
2000-06-16,29.334871292114258,34.631160736083984,2000.457221081451,0.054942485,0.40860048
2000-07-16,28.784934997558594,34.56386947631836,2000.539356605065,0.1456474,0.39500394
2000-08-16,28.491947174072266,34.517189025878906,2000.624229979466,0.18909852,0.36610034
2000-09-16,29.01506805419922,34.40140151977539,2000.7091033538672,0.021907557,0.019438745
2000-10-16,29.74221420288086,34.3546142578125,2000.7912388774812,-0.15911886,-0.23410794
2000-11-16,30.59703826904297,34.36265182495117,2000.8761122518822,-0.34356326,-0.40609407
2000-12-16,30.349140167236328,34.34595489501953,2000.9582477754961,-0.2965393,-0.38495037
2001-01-16,30.566068649291992,34.22603988647461,2001.041067761807,-0.3982253,-0.67250466
2001-02-15,30.148773193359375,34.291568756103516,2001.123203285421,-0.27693233,-0.4496419
2001-03-16,30.024080276489258,34.0904655456543,2001.2026009582478,-0.3399963,-0.8244159
2001-04-16,30.05087661743164,34.05182647705078,2001.2874743326488,-0.36327907,-0.90758926
2001-05-16,29.676544189453125,34.133609771728516,2001.3696098562627,-0.24412347,-0.6616695
2001-06-16,29.000123977661133,34.28874588012695,2001.454483230664,-0.025499783,-0.20258485
2001-07-16,28.363290786743164,34.40769577026367,2001.536618754278,0.16813096,0.17541824
2001-08-16,28.154678344726562,34.51455307006836,2001.621492128679,0.26211149,0.4350276
2001-09-16,28.45551300048828,34.5440673828125,2001.7063655030802,0.20920931,0.4278726
2001-10-16,28.870725631713867,34.38523864746094,2001.7885010266941,0.0463896,0.018868335
2001-11-16,29.850753784179688,34.29369354248047,2001.8733744010951,-0.21041188,-0.37982807
2001-12-16,30.09193992614746,34.25226593017578,2001.955509924709,-0.28211528,-0.51574427
2002-01-16,30.345623016357422,34.15746307373047,2002.041067761807,-0.38058683,-0.76116025
2002-02-15,30.029197692871094,34.094818115234375,2002.123203285421,-0.33916348,-0.8168366
2002-03-16,29.853910446166992,34.05813980102539,2002.2026009582478,-0.31710553,-0.85163003
2002-04-16,30.065208435058594,33.96030044555664,2002.2874743326488,-0.4076188,-1.0937942
2002-05-16,29.918869018554688,33.928436279296875,2002.3696098562627,-0.389763,-1.125328
2002-06-16,29.302474975585938,34.19051742553711,2002.454483230664,-0.1362198,-0.46555895
2002-07-16,28.578716278076172,34.42203140258789,2002.536618754278,0.12718838,0.15669589
2002-08-16,28.113609313964844,34.768226623535156,2002.621492128679,0.38529977,0.9514099
2002-09-16,28.011348724365234,34.95315170288086,2002.7063655030802,0.49101338,1.3437574
2002-10-16,28.402074813842773,34.8516731262207,2002.7885010266941,0.35938826,1.0548404
2002-11-16,29.056171417236328,34.844512939453125,2002.8733744010951,0.21226496,0.89661884
2002-12-16,29.517017364501953,34.849491119384766,2002.955509924709,0.11311903,0.8051891
2003-01-16,29.7689208984375,34.81635284423828,2003.041067761807,0.042788014,0.68349373
2003-02-15,29.956247329711914,34.792484283447266,2003.123203285421,-0.009164646,0.5945448
2003-03-16,29.83067512512207,34.636165618896484,2003.2026009582478,-0.051882155,0.3095334
2003-04-16,29.5548038482666,34.38962173461914,2003.2874743326488,-0.10213522,-0.122862704
2003-05-16,29.429107666015625,34.319026947021484,2003.3696098562627,-0.10624972,-0.23639913
2003-06-16,29.109189987182617,34.27821350097656,2003.454483230664,-0.054233875,-0.24764413
2003-07-16,28.61505699157715,34.27651596069336,2003.536618754278,0.05371149,-0.14232995
2003-08-16,28.041908264160156,34.34489440917969,2003.621492128679,0.21057451,0.12051967
2003-09-16,27.958248138427734,34.561893463134766,2003.7063655030802,0.3266293,0.572923
2003-10-16,28.9035701751709,34.35443115234375,2003.7885010266941,0.025300426,-0.049972456
2003-11-16,29.342662811279297,34.10024642944336,2003.8733744010951,-0.18568309,-0.6549423
2003-12-16,30.023849487304688,33.93566131591797,2003.955509924709,-0.40960744,-1.1339735
2004-01-16,30.188249588012695,33.872196197509766,2004.041067761807,-0.47433478,-1.2970718
2004-02-15,30.398418426513672,33.52690124511719,2004.123203285421,-0.67595464,-2.0338988
2004-03-16,29.98263931274414,33.498558044433594,2004.2053388090349,-0.5972377,-1.9991138
2004-04-16,29.772205352783203,33.606666564941406,2004.290212183436,-0.5022934,-1.7366014
2004-05-16,29.24617576599121,34.06246566772461,2004.37234770705,-0.18145727,-0.7092767
2004-06-16,28.51463508605957,34.468727111816406,2004.457221081451,0.16229932,0.2641852
2004-07-16,27.95545196533203,34.638816833496094,2004.539356605065,0.36185998,0.72738487
2004-08-16,27.585559844970703,34.81547546386719,2004.624229979466,0.52273256,1.1620785
2004-09-16,27.614469528198242,34.674842834472656,2004.7091033538672,0.45308784,0.874453
2004-10-16,28.492996215820312,34.4152717590332,2004.7912388774812,0.14300497,0.16203502
2004-11-16,29.173873901367188,34.198577880859375,2004.8761122518822,-0.10430036,-0.4211458
2004-12-16,29.747215270996094,34.05315399169922,2004.9582477754961,-0.29587623,-0.83812875
2005-01-16,29.879165649414062,33.99433517456055,2005.041067761807,-0.35137376,-0.98479545
2005-02-15,29.643373489379883,34.032936096191406,2005.123203285421,-0.28212908,-0.8557193
2005-03-16,30.209604263305664,33.893043518066406,2005.2026009582478,-0.4696515,-1.2600752
2005-04-16,29.935041427612305,33.77692413330078,2005.2874743326488,-0.4615014,-1.4319102
2005-05-16,29.145057678222656,34.19477462768555,2005.3696098562627,-0.09967226,-0.42241275
2005-06-16,28.84568214416504,34.31745529174805,2005.454483230664,0.021396656,-0.111188814
2005-07-16,28.52126693725586,34.33316421508789,2005.536618754278,0.09983702,-0.008399617
2005-08-16,28.3176326751709,34.31654739379883,2005.621492128679,0.13715899,0.003166277
2005-09-16,28.242446899414062,34.43976974487305,2005.7063655030802,0.20914991,0.26615188
2005-10-16,28.803997039794922,34.22126007080078,2005.7885010266941,-0.012720466,-0.29440853
2005-11-16,29.98424530029297,34.072086334228516,2005.8733744010951,-0.33950326,-0.8524106
2005-12-16,30.418991088867188,33.78427505493164,2005.955509924709,-0.5646624,-1.5236772
2006-01-16,30.67339324951172,33.79298400878906,2006.041067761807,-0.6167119,-1.5622278
2006-02-15,29.899599075317383,33.9398193359375,2006.123203285421,-0.38040122,-1.0983224
2006-03-16,29.99427604675293,33.84604263305664,2006.2026009582478,-0.44342968,-1.3067048
2006-04-16,29.959308624267578,33.923892974853516,2006.2874743326488,-0.4007042,-1.1433113
2006-05-16,30.21196937561035,33.9535026550293,2006.3696098562627,-0.4429652,-1.1396772
2006-06-16,29.610490798950195,34.28290557861328,2006.454483230664,-0.16240862,-0.34854612
2006-07-16,28.85201644897461,34.417686462402344,2006.536618754278,0.06510713,0.08787998
2006-08-16,28.111391067504883,34.660221099853516,2006.621492128679,0.3371853,0.7358868
2006-09-16,28.104633331298828,34.455955505371094,2006.7063655030802,0.2467525,0.32884237
2006-10-16,28.17548942565918,34.46339416503906,2006.7885010266941,0.23451155,0.32813135
2006-11-16,28.921403884887695,34.30542755126953,2006.8733744010951,-0.00067460927,-0.15190308
2006-12-16,29.444782257080078,34.292510986328125,2006.955509924709,-0.1216303,-0.29287943
2007-01-16,30.215980529785156,34.14958572387695,2007.041067761807,-0.35561028,-0.7483936
2007-02-15,29.88673210144043,34.07298278808594,2007.123203285421,-0.31764695,-0.8291648
2007-03-16,29.94398307800293,33.651885986328125,2007.2026009582478,-0.51973575,-1.6839536
2007-04-16,29.714797973632812,33.976200103759766,2007.2874743326488,-0.32337365,-0.9849047
2007-05-16,29.853857040405273,33.950138092041016,2007.3696098562627,-0.36569455,-1.0676216
2007-06-16,29.423768997192383,34.18778991699219,2007.454483230664,-0.16413188,-0.49769866
2007-07-16,28.90789222717285,34.40747833251953,2007.536618754278,0.048220806,0.055171054
2007-08-16,28.785457611083984,34.449867248535156,2007.621492128679,0.094231434,0.1668845
2007-09-16,29.082550048828125,34.43763732910156,2007.7063655030802,0.023367632,0.07706432
2007-10-16,29.59410858154297,34.41130447387695,2007.7885010266941,-0.10102503,-0.088144265
2007-11-16,29.99534034729004,34.478309631347656,2007.8733744010951,-0.15914369,-0.04240493
2007-12-16,30.040836334228516,34.3824462890625,2007.955509924709,-0.21229132,-0.24414074
2008-01-16,29.549612045288086,34.23604965209961,2008.041067761807,-0.17010045,-0.42886466
2008-02-15,29.93224334716797,33.927886962890625,2008.123203285421,-0.39295253,-1.1293689
2008-03-16,30.09656524658203,34.021461486816406,2008.2053388090349,-0.38699484,-0.9783707
2008-04-16,29.547649383544922,34.023616790771484,2008.290212183436,-0.26526347,-0.8532986
2008-05-16,29.285762786865234,34.09343338012695,2008.37234770705,-0.17623095,-0.6560504
2008-06-16,28.920867919921875,34.33423614501953,2008.457221081451,0.012407169,-0.09416798
2008-07-16,28.639734268188477,34.352718353271484,2008.539356605065,0.08257356,0.004645843
2008-08-16,28.693145751953125,34.55572509765625,2008.624229979466,0.16217607,0.39890882
2008-09-16,28.789640426635742,34.685401916503906,2008.7091033538672,0.19930181,0.6370336
2008-10-16,29.369905471801758,34.605308532714844,2008.7912388774812,0.03560148,0.34918854
2008-11-16,29.82840919494629,34.72488021850586,2008.8761122518822,-0.0114620775,0.48746112
2008-12-16,30.45149803161621,34.5062141418457,2008.9582477754961,-0.24694136,-0.086950615
2009-01-16,29.99368667602539,34.21996307373047,2009.041067761807,-0.27503583,-0.55873424
2009-02-15,29.914087295532227,33.931827545166016,2009.123203285421,-0.38718495,-1.1174934
2009-03-16,30.00154685974121,33.568809509277344,2009.2026009582478,-0.5697842,-1.8627706
2009-04-16,29.91786766052246,33.84632873535156,2009.2874743326488,-0.4264911,-1.2893227
2009-05-16,29.981163024902344,34.1749153137207,2009.3696098562627,-0.29255214,-0.6460746
2009-06-16,29.452295303344727,34.09305953979492,2009.454483230664,-0.21303633,-0.69343525
2009-07-16,29.07975196838379,34.357364654541016,2009.536618754278,-0.012139493,-0.08286545
2009-08-16,28.891191482543945,34.64161682128906,2009.621492128679,0.15725729,0.5271222
2009-09-16,28.522567749023438,34.66770553588867,2009.7063655030802,0.25009444,0.6603968
2009-10-16,28.74468421936035,34.297367095947266,2009.7885010266941,0.034576513,-0.12914567
2009-11-16,29.122915267944336,34.208709716796875,2009.8733744010951,-0.08853014,-0.38967124
2009-12-16,29.768781661987305,34.222373962402344,2009.955509924709,-0.22447184,-0.5044334
2010-01-16,29.84374237060547,34.014827728271484,2010.041067761807,-0.334359,-0.9360172
2010-02-15,29.54944610595703,34.00921630859375,2010.123203285421,-0.27213895,-0.88249487
2010-03-16,29.576086044311523,34.23678207397461,2010.2026009582478,-0.17559515,-0.43322408
2010-04-16,29.948997497558594,33.6781005859375,2010.2874743326488,-0.5090424,-1.6326276
2010-05-16,29.92215347290039,34.12602615356445,2010.3696098562627,-0.30157015,-0.7308708
2010-06-16,29.931602478027344,34.1598014831543,2010.454483230664,-0.28845003,-0.6653989
2010-07-16,28.98795509338379,34.38307189941406,2010.536618754278,0.01962408,-0.011255644
2010-08-16,28.707843780517578,34.56923294067383,2010.621492128679,0.16502103,0.42269093
2010-09-16,28.820066452026367,34.602447509765625,2010.7063655030802,0.15527861,0.46443108
2010-10-16,29.33867645263672,34.59303283691406,2010.7885010266941,0.036947798,0.33150753
2010-11-16,29.765867233276367,34.6461067199707,2010.8733744010951,-0.033150926,0.34367332
2010-12-16,29.87413215637207,34.70335006713867,2010.955509924709,-0.031209707,0.43434176
2011-01-16,30.008892059326172,34.67801284790039,2011.041067761807,-0.07225863,0.35402015
2011-02-15,29.8467960357666,34.5484733581543,2011.123203285421,-0.09489027,0.13060227
2011-03-16,29.94426727294922,34.492671966552734,2011.2026009582478,-0.14144456,-0.002444189
2011-04-16,30.0294246673584,34.374671936035156,2011.2874743326488,-0.2132792,-0.25717887
2011-05-16,29.920644760131836,34.422725677490234,2011.3696098562627,-0.16772345,-0.13713981
2011-06-16,29.615419387817383,34.7053108215332,2011.454483230664,0.026589453,0.49518007
2011-07-16,28.92647361755371,34.9240837097168,2011.536618754278,0.2766053,1.084294
2011-08-16,28.59670066833496,34.96524429321289,2011.621492128679,0.36767763,1.2391652
2011-09-16,28.83586311340332,34.97488021850586,2011.7063655030802,0.31939805,1.2058213
2011-10-16,29.26187515258789,34.6344108581543,2011.7885010266941,0.0724642,0.43115988
2011-11-16,29.647703170776367,34.37157440185547,2011.8733744010951,-0.13069437,-0.17939521
2011-12-16,30.16889762878418,34.24222946166992,2011.955509924709,-0.30356237,-0.5527479
2012-01-16,30.16558837890625,34.000633239746094,2012.041067761807,-0.41155264,-1.0352123
2012-02-15,29.581239700317383,34.054168701171875,2012.123203285421,-0.25890496,-0.7995847
2012-03-16,29.883588790893555,34.15285873413086,2012.2053388090349,-0.28101125,-0.6687214
2012-04-16,29.75686264038086,34.19664764404297,2012.290212183436,-0.23342648,-0.55326384
2012-05-16,29.904943466186523,34.00062561035156,2012.37234770705,-0.35421416,-0.97788566
2012-06-16,29.25117301940918,34.365230560302734,2012.457221081451,-0.046312466,-0.10484627
2012-07-16,28.717824935913086,34.462223052978516,2012.539356605065,0.11467073,0.2064753
2012-08-16,28.506929397583008,34.6595458984375,2012.624229979466,0.24986303,0.647518
2012-09-16,28.71970558166504,34.43476867675781,2012.7091033538672,0.101902515,0.1511528
2012-10-16,29.03997230529785,34.37728500366211,2012.7912388774812,0.0055761896,-0.034273222
2012-11-16,29.457395553588867,34.03424835205078,2012.8761122518822,-0.24062341,-0.8121796
2012-12-16,29.975772857666016,34.057796478271484,2012.9582477754961,-0.34406975,-0.8791264
2013-01-16,30.227558135986328,33.937496185302734,2013.041067761807,-0.45359764,-1.1751198
2013-02-15,30.223360061645508,34.01852798461914,2013.123203285421,-0.4162098,-1.0121325
2013-03-16,29.72064781188965,33.74696350097656,2013.2026009582478,-0.42781708,-1.4446648
2013-04-16,29.885305404663086,33.70138168334961,2013.2874743326488,-0.48455358,-1.5720531
2013-05-16,29.709552764892578,33.984352111816406,2013.3696098562627,-0.31855133,-0.96744674
2013-06-16,29.40828514099121,34.160926818847656,2013.454483230664,-0.1728138,-0.54801846
2013-07-16,28.791959762573242,34.367610931396484,2013.536618754278,0.05578562,0.000941392
2013-08-16,28.549381256103516,34.42053985595703,2013.621492128679,0.1329709,0.1601665
2013-09-16,28.46261215209961,34.71413803100586,2013.7063655030802,0.2841793,0.766452
2013-10-16,28.738933563232422,34.565101623535156,2013.7885010266941,0.15632218,0.40758854
2013-11-16,29.7554988861084,34.4075927734375,2013.8733744010951,-0.13820116,-0.13107353
2013-12-16,30.408349990844727,33.30758285522461,2013.955509924709,-0.7768329,-2.4747207
2014-01-16,30.03281593322754,34.33890151977539,2014.041067761807,-0.23012197,-0.32946578
2014-02-15,29.441774368286133,34.26629638671875,2014.123203285421,-0.13276514,-0.3446469
2014-03-16,29.29845428466797,34.38351821899414,2014.2026009582478,-0.0484849,-0.07867283
2014-04-16,29.34796714782715,34.3937873840332,2014.2874743326488,-0.054756604,-0.069027334
2014-05-16,29.192821502685547,34.30476760864258,2014.3696098562627,-0.06068346,-0.21293484
2014-06-16,28.844161987304688,34.38182067871094,2014.454483230664,0.050695512,0.017876398
2014-07-16,28.454160690307617,34.56914138793945,2014.536618754278,0.22079012,0.47831813
2014-08-16,28.319482803344727,34.579891204833984,2014.621492128679,0.25525668,0.52944684
2014-09-16,28.86223793029785,34.40935516357422,2014.7063655030802,0.059109326,0.06896865
2014-10-16,29.003225326538086,34.262489318847656,2014.7885010266941,-0.037997533,-0.25578025
2014-11-16,29.3339786529541,34.2524299621582,2014.8733744010951,-0.11528997,-0.3486647
2014-12-16,30.369091033935547,34.25028610229492,2014.955509924709,-0.34397942,-0.58067715
2015-01-16,30.37544059753418,34.01393127441406,2015.041067761807,-0.451736,-1.0547837
2015-02-15,29.940502166748047,34.13332748413086,2015.123203285421,-0.30232126,-0.72030485
2015-03-16,29.696529388427734,34.07334899902344,2015.2026009582478,-0.27563757,-0.7865878
2015-04-16,29.855560302734375,34.13189697265625,2015.2874743326488,-0.28427777,-0.7044787
2015-05-16,29.540992736816406,34.334312438964844,2015.3696098562627,-0.12398596,-0.23044285
2015-06-16,28.70438575744629,34.7718620300293,2015.454483230664,0.2569649,0.82870984
2015-07-16,28.282752990722656,34.729766845703125,2015.536618754278,0.33078125,0.83727866
2015-08-16,27.588441848754883,35.11611557006836,2015.621492128679,0.6573866,1.7627246
2015-09-16,27.614526748657227,35.121337890625,2015.7063655030802,0.65399796,1.7674307
2015-10-16,27.902517318725586,35.10675811767578,2015.7885010266941,0.58407915,1.6749132
2015-11-16,29.434846878051758,34.73048400878906,2015.8733744010951,0.07764334,0.58525234
2015-12-16,29.922170639038086,34.3840217590332,2015.955509924709,-0.1854759,-0.21488334
2016-01-16,30.07888412475586,34.42789077758789,2016.041067761807,-0.20021181,-0.16162227
2016-02-15,29.97541046142578,34.192543029785156,2016.123203285421,-0.28335407,-0.6095536
2016-03-16,30.47093963623047,34.32366943359375,2016.2053388090349,-0.33336362,-0.45631716
2016-04-16,29.885482788085938,34.175514221191406,2016.290212183436,-0.27123296,-0.6238271
2016-05-16,29.80289077758789,34.347930908203125,2016.37234770705,-0.17547521,-0.26082346
2016-06-16,29.393871307373047,34.248138427734375,2016.457221081451,-0.13039756,-0.37042415
2016-07-16,29.145069122314453,34.287864685058594,2016.539356605065,-0.057784252,-0.23623516
2016-08-16,28.736352920532227,34.287593841552734,2016.624229979466,0.03201143,-0.14685929
2016-09-16,28.90256118774414,34.339820861816406,2016.7091033538672,0.01894777,-0.078971066
2016-10-16,29.614524841308594,34.416717529296875,2016.7912388774812,-0.10308073,-0.08180973
2016-11-16,29.841306686401367,34.35075378417969,2016.8761122518822,-0.18265642,-0.26362923
2016-12-16,30.078868865966797,34.41782760620117,2016.9582477754961,-0.20473687,-0.18174526
2017-01-16,30.271488189697266,34.156314849853516,2017.041067761807,-0.36479387,-0.747147
2017-02-15,30.283164978027344,34.00157928466797,2017.123203285421,-0.43699375,-1.059187
2017-03-16,30.44068717956543,33.98884201049805,2017.2026009582478,-0.47738042,-1.1193165
2017-04-16,30.412378311157227,33.75069046020508,2017.2874743326488,-0.5783207,-1.5893916
2017-05-16,30.272890090942383,34.07244110107422,2017.3696098562627,-0.40284547,-0.9152029
2017-06-16,29.58174705505371,34.367427825927734,2017.454483230664,-0.11804998,-0.17317803
2017-07-16,28.827533721923828,34.46366500854492,2017.536618754278,0.09118368,0.18522327
2017-08-16,28.585599899291992,34.47814178466797,2017.621492128679,0.15092367,0.26740226
2017-09-16,28.688966751098633,34.411041259765625,2017.7063655030802,0.09798773,0.110460505
2017-10-16,29.397701263427734,34.56655502319336,2017.7885010266941,0.012047324,0.26556647
2017-11-16,30.12177085876465,34.564151763916016,2017.8733744010951,-0.14832945,0.101464614
2017-12-16,30.270904541015625,34.54404830932617,2017.955509924709,-0.19018541,0.028448302
2018-01-16,30.626985549926758,34.504661560058594,2018.041067761807,-0.28624728,-0.12866302
2018-02-15,30.041791915893555,34.45744323730469,2018.123203285421,-0.17875293,-0.09435707
2018-03-16,30.025041580200195,34.41791915893555,2018.2026009582478,-0.19285369,-0.16972016
2018-04-16,30.059207916259766,34.33293914794922,2018.2874743326488,-0.23861128,-0.34719676
2018-05-16,29.796661376953125,34.4398307800293,2018.3696098562627,-0.13274981,-0.07565327
2018-06-16,29.432878494262695,34.592926025390625,2018.454483230664,0.016175285,0.31056947
2018-07-16,28.916030883789062,34.72309112548828,2018.536618754278,0.18845606,0.68460613
2018-08-16,28.748178482055664,34.696693420410156,2018.621492128679,0.21350461,0.66873825
2018-09-16,28.716413497924805,34.60274887084961,2018.7063655030802,0.17821786,0.48783746
2018-10-16,29.110591888427734,34.51678466796875,2018.7885010266941,0.05281473,0.2291898
2018-11-16,29.598236083984375,34.46834182739258,2018.8733744010951,-0.076266274,0.025022391
2018-12-16,30.400325775146484,34.41368865966797,2018.955509924709,-0.2773199,-0.26074365
