index,Name,Mass,Amp 44,Area 44,sample,age1,age2,age_end,path_name,path_num,age_lin,age_absolute,d13c,d18o,age_calc,month_int,d18o_dt
0,12 SPL A Path O 1A,0.213,9003.0,110.273,O 1A,,0.1,,O,1,0.28436936478109065,1927.1490000000001,-1.1839182011044471,25.848182981754395,1930.2559139088726,3,0.15577355979683105
1,12 SPL A Path O 2A,0.225,15317.0,178.989,O 2A,,,,O,2,0.38436936478109063,1927.249,-1.107188800821934,25.659577248793884,1930.3559139088727,4,-0.0395855022348961
2,12 SPL A Path O 3A,0.208,14281.0,180.81,O 3A,,,,O,3,0.48436936478109066,1927.3490000000002,-0.8018213990945885,25.58264000252917,1930.4559139088726,5,-0.12245346985195127
3,12 SPL A Path O 4A,0.251,12052.0,146.341,O 4A,,,,O,4,0.5843693647810907,1927.449,-1.1867007777517944,25.639262541607163,1930.5559139088728,7,-0.07093904437832421
4,12 SPL A Path O 5A,0.249,16673.0,212.049,O 5A,,,,O,5,0.6843693647810907,1927.549,-1.2440825066242212,25.76950129127601,1930.6559139088727,8,0.05501419946324049
5,12 SPL A Path O 6A,0.245,21957.0,270.774,O 6A,,,,O,6,0.7843693647810906,1927.6490000000001,-1.0228972985565492,25.758694576617852,1930.7559139088726,9,0.0407445866966718
6,12 SPL A Path O 7A,0.233,18377.0,227.759,O 7A,,,,O,7,0.8843693647810907,1927.749,-0.9872281878435057,25.752761468765218,1930.8559139088727,10,0.03217118851270939
7,12 SPL A Path O 8A,0.246,17131.0,215.102,O 8A,,,,O,8,0.9843693647810907,1927.8490000000002,-1.106410836362122,25.806073679640978,1930.9559139088726,11,0.08366571680511825
8,12 SPL A Path O 9A,0.213,14001.0,171.0,O 9A,,,,O,9,1.0843693647810908,1927.949,-1.1170656549243732,25.667999424772173,1931.0559139088728,1,-0.055403612928163426
9,12 SPL A Path O 10A,0.248,14981.0,191.732,O 10A,1.0,1.0,,O,10,1.1843693647810907,1928.049,-0.8686351509515498,25.673999180239246,1931.1559139088727,2,-0.04957632457758976
10,12 SPL A Path O 11A,0.238,16921.0,204.087,O 11A,,,,O,11,1.2468693647810907,1928.1115,-1.1474360687550262,25.562873104177466,1931.2184139088727,3,-0.1603924621035766
11,12 SPL A Path O 12A,0.2,15359.0,194.735,O 12A,,,,O,12,1.3093693647810907,1928.174,-0.956751487764903,25.559348621508253,1931.2809139088727,3,-0.16328567506498004
12,21 SPL A Path O 13A,0.23,14146.0,171.922,O 13A,,,,O,13,1.3718693647810907,1928.2365,-0.8331652639876257,25.63608354840984,1931.3434139088727,4,-0.08559814731266968
13,22 SPL A Path O 14A,0.212,19518.0,247.169,O 14A,,,,O,14,1.4343693647810907,1928.299,-0.8452808888013204,25.661923220570895,1931.4059139088727,5,-0.05848454315797724
14,23 SPL A Path O 15A,0.201,13351.0,167.663,O 15A,,,,O,15,1.4968693647810907,1928.3615,-1.0616512290916056,25.807917270269673,1931.4684139088727,6,0.08910476970645576
15,24 SPL A Path O 16A,0.253,22622.0,279.787,O 16A,,,,O,16,1.5593693647810907,1928.424,-0.92298898107314,25.881101251478665,1931.5309139088727,6,0.16420534522401553
16,25 SPL A Path O 17A,0.204,20546.0,256.603,O 17A,,,,O,17,1.6218693647810907,1928.4865,-0.979161766840924,25.991698557128867,1931.5934139088727,7,0.27704057632569956
17,26 SPL A Path O 18A,0.224,20318.0,250.738,O 18A,,,1.0,O,18,1.6843693647810907,1928.549,-0.707547260205108,25.69492702122768,1931.6559139088727,8,-0.017171702951987555
18,27 SPL A Path O 19A,0.24,12821.0,162.798,O 19A,,,,O,19,1.934369364781091,1928.799,-0.5473003405058336,25.783488959355463,1931.9059139088727,11,0.08484057309892634
19,28 SPL A Path O 20A,0.234,11872.0,145.224,O 20A,1.0,2.0,,O,20,2.184369364781091,1929.049,-0.9595383534842514,25.520386720143417,1932.1559139088727,2,-0.1596700297578515
20,12 SPL A Path N 1A,0.242,12921.0,155.538,N 1A,,2.1,,N,1,2.2843693647810905,1929.1490000000001,-0.4956977866418517,25.770250606595358,1932.2559139088726,3,-0.1491129169688854
21,12 SPL A Path N 2A,0.278,13808.0,166.184,N 2A,,,,N,2,2.3510360314477574,1929.2156666666667,-0.7755404935023524,25.664740999714216,1932.3225805755394,4,-0.2508120976806616
22,12 SPL A Path N 3A,0.332,16325.0,198.031,N 3A,,,,N,3,2.417702698114424,1929.2823333333333,-0.8539932177912977,25.72245921503828,1932.389247242206,5,-0.18939810944674562
23,12 SPL A Path N 4A,0.258,13584.0,158.465,N 4A,,,,N,4,2.4843693647810907,1929.3490000000002,-1.0921337702647147,25.944222283162805,1932.4559139088726,5,0.03594607834266483
24,12 SPL A Path N 5A,0.268,13880.0,169.092,N 5A,,,,N,5,2.5510360314477576,1929.4156666666668,-0.662825006156738,26.147540444755744,1932.5225805755392,6,0.24273070635552685
25,12 SPL A Path N 6A,0.228,12373.0,144.376,N 6A,,,,N,6,2.617702698114424,1929.4823333333334,-0.5564626383048062,26.141430349045248,1932.589247242206,7,0.23997242380543682
26,12 SPL A Path N 7A,0.252,13033.0,158.695,N 7A,,,2.0,N,7,2.684369364781091,1929.549,-1.109325123630354,25.923732840837122,1932.6559139088727,8,0.025512075505478293
27,12 SPL A Path N 8A,0.232,12366.0,145.037,N 8A,,,,N,8,2.8510360314477574,1929.7156666666667,-0.7856254244394243,25.978047741667293,1932.8225805755394,10,0.08741826814661735
28,12 SPL A Path N 9A,0.24,12380.0,150.652,N 9A,,,,N,9,3.0177026981144244,1929.8823333333335,-0.8950745586925912,25.903561785733782,1932.989247242206,0,0.019807021210308307
29,12 SPL A Path N 10A,0.244,13251.0,156.489,N 10A,1.0,3.0,,N,10,3.184369364781091,1930.049,-0.6809593667085425,25.897561411158375,1933.1559139088727,2,0.019964772818337195
30,12 SPL A Path N 11A,0.246,12704.0,154.338,N 11A,,,,N,11,3.2677026981144244,1930.1323333333335,-1.0209114591029735,25.7723039592664,1933.239247242206,3,-0.10248233453708266
31,12 SPL A Path N 12A,0.288,15014.0,180.33,N 12A,,,,N,12,3.3510360314477574,1930.2156666666667,-1.3095232576258642,25.63847454369525,1933.3225805755394,4,-0.2336805512678417
32,12 SPL A Path N 13A,0.246,12339.0,147.025,N 13A,,,,N,13,3.434369364781091,1930.299,-1.2720982005820503,25.94895694607268,1933.4059139088727,5,0.07925390423198664
33,12 SPL A Path N 14A,0.24,12350.0,151.258,N 14A,,,,N,14,3.5177026981144244,1930.3823333333335,-1.3170545164016993,25.97347864011306,1933.489247242206,6,0.10604850569859892
34,12 SPL A Path N 15A,0.256,13456.0,157.97,N 15A,,,,N,15,3.6010360314477574,1930.4656666666667,-1.1418526745475104,25.90520368414823,1933.5725805755394,7,0.03986731145655753
35,12 SPL A Path N 16A,0.25,12571.0,153.874,N 16A,,,3.0,N,16,3.684369364781091,1930.549,-0.7572993926918274,26.00777629135965,1933.6559139088727,8,0.14435453469460313
36,12 SPL A Path N 17A,0.294,15624.0,183.688,N 17A,,,,N,17,3.8510360314477574,1930.7156666666667,-0.9785530797698602,25.87682509627871,1933.8225805755394,10,0.016695134542036527
37,12 SPL A Path N 18A,0.234,12479.0,152.568,N 18A,,,,N,18,4.017702698114424,1930.8823333333335,-0.7522529054931643,25.936535925788323,1933.989247242206,0,0.07898117616625555
38,12 SPL A Path N 19A,0.232,13142.0,154.98,N 19A,1.0,4.0,,N,19,4.184369364781091,1931.049,-0.4753764143056851,25.81480130605524,1934.1559139088727,2,-0.04089481426598596
39,12 SPL A Path N 20A,0.27,13210.0,160.865,N 20A,,,,N,20,4.309369364781091,1931.174,-1.0541105124818626,25.797011787375236,1934.2809139088727,3,-0.057760618440074296
40,12 SPL A Path N 21A,0.264,14706.0,176.709,N 21A,,,,N,21,4.434369364781091,1931.299,-1.3083018657744203,25.937112941400553,1934.4059139088727,5,0.08286117225477696
41,12 SPL A Path N 22A,0.238,12507.0,151.741,N 22A,,,,N,22,4.559369364781091,1931.424,-1.2083118407803008,25.99172957535224,1934.5309139088727,6,0.13759536504689507
42,12 SPL A Path N 23A,0.306,16278.0,195.754,N 23A,,,4.0,N,23,4.684369364781091,1931.549,-0.7866722377918902,25.86286504114408,1934.6559139088727,8,0.008445311842780967
43,12 SPL A Path N 24A,0.24,12014.0,143.245,N 24A,,,,N,24,4.851036031447758,1931.7156666666667,-0.513271381426871,25.966250760338784,1934.8225805755394,10,0.11082332908326364
44,12 SPL A Path N 25A,.0.276,13083.0,160.111,N 25A,,,,N,25,5.017702698114424,1931.8823333333335,-0.9268902886711432,25.898406851690392,1934.989247242206,0,0.04125513566688355
45,12 SPL A Path N 26A,0.248,11818.0,138.748,N 26A,1.0,5.0,,N,26,5.184369364781091,1932.049,-1.2715079927154664,25.782362056534286,1935.1559139088727,2,-0.07723052707097722
46,12 SPL A Path N 27A,0.292,15799.0,192.739,N 27A,,,,N,27,5.255797936209662,1932.1204285714286,-1.0699233482881971,25.75479168238311,1935.2273424803013,3,-0.10606634941283133
47,12 SPL A Path N 28A,0.272,14819.0,172.305,N 28A,,,,N,28,5.327226507638234,1932.191857142857,-1.3709042686969781,25.69585086012515,1935.2987710517298,4,-0.16640423711075059
48,12 SPL A Path N 29A,0.248,12649.0,154.197,N 29A,,,,N,29,5.398655079066805,1932.2632857142858,-1.2975919731519299,25.76652400661416,1935.3701996231584,4,-0.0972597733182603
49,12 SPL A Path N 30A,0.224,13329.0,156.339,N 30A,,,,N,30,5.4700836504953765,1932.3347142857144,-1.185940751949899,25.9238552974611,1935.4416281945869,5,0.05841121758288281
50,12 SPL A Path N 31A,0.24,12743.0,155.034,N 31A,,,,N,31,5.541512221923948,1932.4061428571429,-0.8911346290385973,25.99289046414766,1935.5130567660156,6,0.12565446706708983
51,12 SPL A Path N 32A,0.248,12869.0,151.609,N 32A,,,,N,32,5.61294079335252,1932.4775714285715,-0.8966696932129582,26.063203098335652,1935.584485337444,7,0.19404356681072343
52,12 SPL A Path N 33A,0.266,12913.0,157.241,N 33A,,,5.0,N,33,5.684369364781091,1932.549,-0.6455943966580336,25.567538850204404,1935.6559139088727,8,-0.3036758330214404
53,12 SPL A Path N 34A,0.266,12900.0,156.85,N 34A,,,,N,34,5.851036031447758,1932.7156666666667,-0.6302312863967348,25.937115880359524,1935.8225805755394,10,0.06059399829686285
54,12 SPL A Path N 35A,0.264,13272.0,157.443,N 35A,,,,N,35,6.017702698114424,1932.8823333333335,-0.6994091927832763,25.718828621050275,1935.989247242206,0,-0.16371704266297016
55,12 SPL A Path N 36A,0.226,9344.0,114.819,N 36A,1.0,6.0,,N,36,6.184369364781091,1933.049,-1.0239939255411796,25.84527537167443,1936.1559139088727,2,-0.044010656503164824
56,12 SPL A Path N 37A,0.244,13163.0,154.941,N 37A,,,,N,37,6.2843693647810905,1933.1490000000001,-1.2465023418310817,25.710164569989875,1936.2559139088726,3,-0.1835096366172273
57,12 SPL A Path N 38A,0.224,10333.0,126.982,N 38A,,,,N,38,6.384369364781091,1933.249,-1.2217676392053258,25.732378201581316,1936.3559139088727,4,-0.16594215326010087
58,12 SPL A Path N 39A,0.251,9502.0,111.574,N 39A,,,,N,39,6.484369364781091,1933.3490000000002,-1.1692806716634458,25.774843219821417,1936.4559139088726,5,-0.12838125308094916
59,12 SPL A Path N 40A,0.204,14563.0,177.892,N 40A,,,,N,40,6.584369364781091,1933.449,-1.0066657827634171,25.967696728154838,1936.5559139088728,7,0.05931016738671602
60,12 SPL A Path N 41A,0.23,10096.0,118.138,N 41A,,,6.0,N,41,6.684369364781091,1933.549,-0.9371639626912891,25.946019946402952,1936.6559139088727,8,0.032213327949715875
61,12 SPL A Path N 42A,0.254,12093.0,147.773,N 42A,,,,N,42,6.7843693647810905,1933.6490000000001,-0.6958520610144662,25.99786612169353,1936.7559139088726,9,0.07838147575037269
62,12 SPL A Path N 43A,0.211,14434.0,169.653,N 43A,,,,N,43,6.884369364781091,1933.749,-0.6082482059949519,25.812673499756816,1936.8559139088727,10,-0.11274714348834536
63,12 SPL A Path N 44A,0.252,12340.0,148.933,N 44A,,,,N,44,6.984369364781091,1933.8490000000002,-0.4100397407746713,25.83781629379406,1936.9559139088726,11,-0.09379831657246385
64,12 SPL A Path N 45A,0.243,11148.0,136.031,N 45A,,,,N,45,7.084369364781091,1933.949,-0.8083145587705729,25.83483716904568,1937.0559139088728,1,-0.10322937825428724
65,12 SPL A Path N 46A,0.252,14490.0,172.212,N 46A,1.0,7.0,,N,46,7.184369364781091,1934.049,-0.7674748252037102,25.816156166143042,1937.1559139088727,2,-0.1286202879024536
66,12 SPL A Path N 47A,0.216,10017.0,122.938,N 47A,,,,N,47,7.267702698114424,1934.1323333333335,-1.0355839953018111,25.987014505502206,1937.239247242206,3,0.03644940222807591
67,12 SPL A Path N 48A,0.231,8867.0,105.147,N 48A,,,,N,48,7.351036031447758,1934.2156666666667,-1.6038280554357822,26.09429336568675,1937.3225805755394,4,0.13776046748781923
68,12 SPL A Path N 49A,0.25,10717.0,131.61,N 49A,,,,N,49,7.434369364781091,1934.299,-1.2562264805761183,26.172615642736556,1937.4059139088727,5,0.20993580389483313
69,12 SPL A Path N 50A,0.222,19013.0,221.556,N 50A,,,,N,50,7.517702698114424,1934.3823333333335,-0.8395865710710547,26.029718559072332,1937.489247242206,6,0.060712633891650825
70,12 SPL A Path N 51A,0.232,11780.0,144.41,N 51A,,,,N,51,7.601036031447758,1934.4656666666667,-0.7469387076550942,26.077640244477355,1937.5725805755394,7,0.10212908725427283
71,12 SPL A Path N 52A,0.244,14674.0,170.846,N 52A,,,7.0,N,52,7.684369364781091,1934.549,-0.4510937642637805,25.663089304769866,1937.6559139088727,8,-0.31910623019178175
72,12 SPL A Path N 53A,0.244,13274.0,173.573,N 53A,,,,N,53,7.851036031447758,1934.7156666666667,-0.9147638870512916,26.635023610751578,1937.8225805755394,10,0.6389218831879226
73,12 SPL A Path N 54A,0.257,11096.0,131.595,N 54A,,,,N,54,8.017702698114425,1934.8823333333335,-0.4129880989541724,26.003291439962712,1937.989247242206,0,-0.0074330630167160905
74,12 SPL A Path N 55A,0.249,11634.0,141.545,N 55A,1.0,8.0,,N,55,8.184369364781091,1935.049,-0.6720483762661944,26.017650213865057,1938.1559139088727,2,-0.008413647336634966
75,12 SPL A Path N 56A,0.242,13391.0,161.251,N 56A,,,,N,56,8.351036031447757,1935.2156666666667,-1.225228047099883,26.38221925792556,1938.3225805755394,4,0.3400994556805621
76,12 SPL A Path N 57A,0.224,11171.0,133.995,N 57A,,,,N,57,8.517702698114425,1935.3823333333335,-1.222387845637512,26.347746248793417,1938.489247242206,6,0.2888539226913487
77,12 SPL A Path N 58A,0.264,10611.0,129.851,N 58A,,,8.0,N,58,8.684369364781091,1935.549,-1.1353531539596395,26.265532790059762,1938.6559139088727,8,0.18915135728685684
78,12 SPL A Path N 59A,0.234,23352.0,274.48,N 59A,,,,N,59,8.751036031447757,1935.6156666666668,-0.8821337946628428,25.624200019950212,1938.7225805755393,9,-0.4593776986791731
79,12 SPL A Path N 60A,0.249,9588.0,117.597,N 60A,,,,N,60,8.817702698114424,1935.6823333333334,-0.5011091130565775,25.96603915529254,1938.7892472422059,9,-0.12484950244556714
80,12 SPL A Path N 61A,0.215,15594.0,183.013,N 61A,,8.7,,N,61,8.88436936478109,1935.749,-0.5981609480190643,25.78607396172062,1938.8559139088727,10,-0.3122402883711679
81,SPL A  Path M 1A,0.232,13154.0,164.229,M 1A,,7.8,,M,1,7.984369364781091,1934.8490000000002,-1.3261384708872943,25.861389230703985,1937.9559139088726,11,0.23050972715036977
82,SPL A  Path M 2A,0.252,16508.0,196.895,M 2A,,,,M,2,8.084369364781091,1934.949,-0.7768306265657567,25.58462440489644,1938.0559139088728,1,-0.047169005015792465
83,SPL A  Path M 3A,0.232,13615.0,169.699,M 3A,0.0,8.0,,M,3,8.184369364781091,1935.049,-0.11141164466657377,25.765131816779142,1938.1559139088727,2,0.132435338035787
84,SPL A  Path M 4A,0.266,15981.0,192.737,M 4A,,,,M,4,8.309369364781091,1935.174,-0.6139973655805353,25.77611936329935,1938.2809139088727,3,0.14230928879168658
85,SPL A  Path M 5A,0.242,14837.0,184.006,M 5A,,,,M,5,8.434369364781091,1935.299,-0.9958299679857308,26.090670751275823,1938.4059139088727,5,0.4557640146415025
86,SPL A  Path M 6A,0.214,12386.0,154.082,M 6A,,,,M,6,8.559369364781091,1935.424,-1.3741882309412718,26.17303768304381,1938.5309139088727,6,0.5370512179204852
87,SPL A  Path M 7A,0.3,18336.0,220.613,M 7A,,,8.0,M,7,8.684369364781091,1935.549,-1.4450111411728368,25.98771982040949,1938.6559139088727,8,0.3506705604348177
88,SPL A  Path M 8A,0.312,20552.0,254.471,M 8A,,,,M,8,8.851036031447757,1935.7156666666667,-1.1735106590684161,25.835251333948115,1938.8225805755394,10,0.19681135538586858
89,SPL A  Path M 9A,0.266,13474.0,166.98,M 9A,,,,M,9,9.017702698114425,1935.8823333333335,-0.8733771028636328,25.552648703577358,1938.989247242206,0,-0.08715188932784557
90,SPL A  Path M 10A,0.32,20220.0,245.426,M 10A,1.0,9.0,,M,10,9.184369364781091,1936.049,-0.7905535451914933,25.2637382505324,1939.1559139088727,2,-0.3773928524711465
91,SPL A  Path M 11A,0.332,21055.0,260.992,M 11A,,,,M,11,9.267702698114425,1936.1323333333335,-0.8701593213173455,25.36312313103863,1939.239247242206,3,-0.27866193792201344
92,SPL A  Path M 12A,0.222,13394.0,160.075,M 12A,,,,M,12,9.351036031447757,1936.2156666666667,-1.2640058030864778,25.55207041165524,1939.3225805755394,4,-0.09036109720157626
93,SPL A  Path M 13A,0.244,13718.0,170.802,M 13A,,,,M,13,9.434369364781091,1936.299,-1.1413366818733919,25.458641089718796,1939.4059139088727,5,-0.18442933297281172
94,SPL A  Path M 14A,0.286,16910.0,205.295,M 14A,,,,M,14,9.517702698114425,1936.3823333333335,-0.7874582851951217,25.802814096798173,1939.489247242206,6,0.15911228633270014
95,SPL A  Path M 15A,0.27,14939.0,182.101,M 15A,,,,M,15,9.601036031447757,1936.4656666666667,-0.812578132132131,25.645760189487575,1939.5725805755394,7,0.0014345173096188546
96,SPL A  Path M 16A,0.306,16626.0,208.837,M 16A,,,9.0,M,16,9.684369364781091,1936.549,-0.6140753430220312,25.717030801966576,1939.6559139088727,8,0.0720887941370627
97,SPL A  Path M 17A,0.26,12945.0,156.9,M 17A,,,,M,17,9.851036031447757,1936.7156666666667,-0.6822604541801969,25.730794548879068,1939.8225805755394,10,0.08464244793058384
98,SPL A  Path M 18A,0.31,18768.0,238.209,M 18A,,,,M,18,10.017702698114425,1936.8823333333335,-1.312927455983709,25.098596239634656,1939.989247242206,0,-0.5487358501881836
99,SPL A  Path M 19A,0.244,13520.0,168.357,M 19A,1.0,10.0,,M,19,10.184369364781091,1937.049,-0.7482833074496298,25.34565811624153,1940.1559139088727,2,-0.3028238582105942
100,SPL A  Path M 20A,0.324,17185.0,205.466,M 20A,,,,M,20,10.351036031447757,1937.2156666666667,-0.8779351469373917,25.34893227637348,1940.3225805755394,4,-0.3006694784637709
101,SPL A  Path M 21A,0.248,12648.0,158.54,M 21A,,,,M,21,10.517702698114425,1937.3823333333335,-1.2696647229825988,25.530122761285845,1940.489247242206,6,-0.12056866969100355
102,SPL A  Path M 22A,0.122,6033.0,73.132,M 22A,,,10.0,M,22,10.684369364781091,1937.549,-1.514577018684952,25.903638969096665,1940.6559139088727,8,0.25188796622483167
103,SPL A  Path M 23A,0.322,17960.0,223.757,M 23A,,,,M,23,10.78436936478109,1937.6490000000001,-1.2524768585627246,25.599059249854868,1940.7559139088726,9,-0.05331304611677723
104,SPL A  Path M 24A,0.264,14865.0,183.385,M 24A,,,,M,24,10.88436936478109,1937.749,-1.5006905696475803,25.832166278767403,1940.8559139088727,10,0.1791835272238984
105,SPL A  Path M 25A,0.32,14019.0,170.093,M 25A,,,,M,25,10.984369364781092,1937.849,-0.9523321915825982,25.64810778525424,1940.9559139088726,11,-0.005474584332716859
106,SPL A  Path M 26A,0.276,14999.0,187.338,M 26A,,,,M,26,11.084369364781091,1937.949,-1.2035106615570734,25.58055490626246,1941.0559139088728,1,-0.07361624383999654
107,12 SPL A M 27A,0.272,13434.0,156.359,M 27A,1.0,11.0,,M,27,11.184369364781091,1938.049,-1.0995170091367505,25.576125508678462,1941.1559139088727,2,-0.07862358441108697
108,12 SPL A M 28A,0.312,15624.0,191.647,M 28A,,,,M,28,11.351036031447757,1938.2156666666667,-1.2700479782098117,25.56497999658956,1941.3225805755394,4,-0.0907082514160571
109,12 SPL A M 29A,0.256,13734.0,161.734,M 29A,,,,M,29,11.517702698114425,1938.3823333333332,-1.3789185903782735,25.285307680807545,1941.489247242206,6,-0.3712896178695253
110,12 SPL A M 30A,0.336,18846.0,228.25,M 30A,,,11.0,M,30,11.684369364781091,1938.549,-1.3159993054743766,25.14046696560739,1941.6559139088727,8,-0.5170092794965164
111,12 SPL A M 31A,0.264,14443.0,174.705,M 31A,,,,M,31,11.934369364781091,1938.799,-1.0786057830486024,26.129278733333653,1941.9059139088727,11,0.4705405140487109
112,12 SPL A M 32A,0.304,17302.0,210.175,M 32A,1.0,12.0,,M,32,12.184369364781091,1939.049,-1.367404351730354,25.508714606652486,1942.1559139088727,2,-0.15121785226242324
113,12 SPL A M 33A,0.262,13933.0,169.184,M 33A,,,,M,33,12.351036031447757,1939.2156666666667,-1.3356125497813636,25.681073774395255,1942.3225805755394,4,0.020382786032424605
114,12 SPL A M 34A,0.27,14756.0,178.017,M 34A,,,,M,34,12.517702698114425,1939.3823333333332,-1.5100496558577907,25.530690182566904,1942.489247242206,6,-0.13072923099877798
115,12 SPL A M 35A,0.236,12838.0,156.954,M 35A,,,12.0,M,35,12.684369364781091,1939.549,-1.4056063362118123,25.80704343401234,1942.6559139088727,8,0.1449256994884216
116,12 SPL A M 36A,0.234,13139.0,155.351,M 36A,1.0,13.1,,M,36,13.28436936478109,1940.1490000000001,-1.0668680980865748,25.700138801270715,1943.2559139088726,3,0.03575637444423663
117,12 SPL A M 37A,0.26,13040.0,159.372,M 37A,,13.2,,M,37,13.38436936478109,1940.249,-1.4056392182820343,25.480242951748746,1943.3559139088727,4,-0.184478992446234
118,12 SPL A M 38A,0.24,12966.0,151.839,M 38A,,,,M,38,13.53436936478109,1940.3990000000001,-1.4327894377862946,25.326744063406142,1943.5059139088726,6,-0.3384668364764529
119,12 SPL A M 39A,0.242,11963.0,145.828,M 39A,,,13.0,M,39,13.684369364781091,1940.549,-1.088843438554905,25.668510704427067,1943.6559139088727,8,0.0028352332947498837
120,12 SPL A M 40A,0.28,14578.0,174.15,M 40A,,,,M,40,13.809369364781091,1940.674,-1.1139792518495688,25.485857343045357,1943.7809139088727,9,-0.18018664379317428
121,12 SPL A4 M 41A,0.192,7707.0,94.251,M 41A,,,,M,41,13.934369364781091,1940.799,-1.6866625432269038,25.609157448259506,1943.9059139088727,11,-0.05723812064804079
122,12 SPL A4 M 42A,0.332,18299.0,219.701,M 42A,,,,M,42,14.059369364781091,1940.924,-1.2670495886957727,25.317980087740562,1944.0309139088727,0,-0.34875012959834706
123,12 SPL A4 M 43A,0.288,14854.0,178.933,M 43A,1.0,14.0,,M,43,14.184369364781091,1941.049,-1.3846034450294458,25.5833337953929,1944.1559139088727,2,-0.08371413673926398
124,12 SPL A4 M 44A,0.238,13056.0,158.81,M 44A,,,,M,44,14.351036031447757,1941.2156666666667,-1.6755463799798715,25.670962775865807,1944.3225805755394,4,0.003517565222924901
125,12 SPL A4 M 45A,0.246,14390.0,170.992,M 45A,,,,M,45,14.517702698114425,1941.3823333333332,-1.9298600039858544,25.848492552099838,1944.489247242206,6,0.18068016719130853
126,12 SPL A4 M 46A,0.218,11097.0,136.036,M 46A,,,14.0,M,46,14.684369364781091,1941.549,-1.953609610375561,25.868200231337998,1944.6559139088727,8,0.20005077640843538
127,12 SPL A4 M 47A,0.258,13967.0,163.362,M 47A,,,,M,47,14.767702698114425,1941.6323333333332,-1.4718222257127604,25.89382893325922,1944.739247242206,9,0.22552223241098446
128,12 SPL A4 M 48A,0.236,12365.0,150.749,M 48A,,,,M,48,14.851036031447757,1941.7156666666667,-1.0235390906283097,25.852523824161526,1944.8225805755394,10,0.1840674034560017
129,12 SPL A4 M 49A,0.268,14980.0,178.816,M 49A,,,,M,49,14.934369364781091,1941.799,-1.4570220059058612,25.78208579439057,1944.9059139088727,11,0.11348717988913748
130,12 SPL A4 M 50A,0.29,14323.0,175.083,M 50A,,,,M,50,15.017702698114425,1941.8823333333332,-1.4908957487779044,25.364711494760417,1944.989247242206,0,-0.30402178747645436
131,12 SPL A4 M 51A,0.208,9904.0,120.435,M 51A,,,,M,51,15.101036031447757,1941.9656666666667,-1.4320845473763366,25.516143315290112,1945.0725805755394,1,-0.15271710862081633
132,12 SPL A4 M 52A,0.22,11439.0,137.256,M 52A,1.0,15.0,,M,52,15.184369364781091,1942.049,-1.0954181326140835,25.565189642329823,1945.1559139088727,2,-0.10379039719378014
133,12 SPL A4 M 53A,0.214,10498.0,128.717,M 53A,,,,M,53,15.351036031447757,1942.2156666666667,-1.422596299544292,25.412815395621916,1945.3225805755394,4,-0.2563812969433492
134,12 SPL A4 M 54A,0.236,12061.0,143.014,M 54A,,,,M,54,15.517702698114425,1942.3823333333332,-1.9705693222034366,25.53892318631087,1945.489247242206,6,-0.13046005505189484
135,12 SPL A4 M 55A,0.296,14713.0,179.621,M 55A,,,15.0,M,55,15.684369364781091,1942.549,-1.7554925067226972,25.696953949394032,1945.6559139088727,8,0.027414263479290213
136,12 SPL A4 M 56A,0.254,16576.0,193.279,M 56A,,,,M,56,15.934369364781091,1942.799,-1.420098273963431,25.87234024488178,1945.9059139088727,11,0.20262233759715897
137,12 SPL A4 M 57A,0.328,17011.0,207.022,M 57A,1.0,16.0,,M,57,16.18436936478109,1943.049,-0.9919871760285384,25.865283804381082,1946.1559139088727,2,0.19545541027810387
138,12 SPL A4 M 58A,0.23,11487.0,134.107,M 58A,,,,M,58,16.327226507638233,1943.191857142857,-1.1572254976664749,25.88792260537102,1946.2987710517298,4,0.21806148737355002
139,12 SPL A4 M 59A,0.262,12939.0,157.7,M 59A,,,,M,59,16.470083650495376,1943.3347142857144,-1.0040982495448867,25.853167456177214,1946.4416281945869,5,0.18329573168982094
140,12 SPL A4 M 60A,0.196,10519.0,124.402,M 60A,,,,M,60,16.612940793352518,1943.4775714285713,-1.1554157696970595,25.843126992663176,1946.584485337444,7,0.17326677909042942
141,12 SPL A4 M 61A,0.26,12752.0,155.168,M 61A,,,,M,61,16.755797936209664,1943.6204285714286,-1.8572402048396803,25.75562144846725,1946.7273424803013,9,0.08579486321371732
142,12 SPL A4 M 62A,0.268,14568.0,172.862,M 62A,,,,M,62,16.898655079066806,1943.7632857142858,-1.6267051740329999,25.73584911213163,1946.8701996231584,10,0.0660782726009721
143,12 SPL A4 M 63A,0.296,14249.0,172.872,M 63A,,,,M,63,17.04151222192395,1943.9061428571429,-1.493099454536379,25.676104974420316,1947.0130567660156,0,0.006411998017103571
144,12 SPL A4 M 64A,0.224,12155.0,146.537,M 64A,1.0,17.0,,M,64,17.18436936478109,1944.049,-1.5986576281262828,25.641814180744664,1947.1559139088727,2,-0.027778815126989542
145,12 SPL A4 M 65A,0.254,13171.0,157.113,M 65A,,,,M,65,17.35103603144776,1944.2156666666667,-1.439701147771348,25.62063702201866,1947.3225805755394,4,-0.04881137595745244
146,12 SPL A4 M 66A,0.264,12921.0,157.87,M 66A,,,,M,66,17.517702698114423,1944.3823333333332,-0.9934203284122121,25.79295308502977,1947.489247242206,6,0.12367938919335941
147,12 SPL A4 M 67A,0.3,17546.0,204.586,M 67A,,,17.0,M,67,17.68436936478109,1944.549,-1.0268248188482878,25.787070268813384,1947.6559139088727,8,0.11800137936220167
148,12 SPL A4 M 68A,0.302,15900.0,194.023,M 68A,,,,M,68,17.80936936478109,1944.674,-1.1549107010984505,25.781328522627827,1947.7809139088727,9,0.11243299387623651
149,12 SPL A4 M 69A,0.24,13438.0,156.616,M 69A,,,,M,69,17.93436936478109,1944.799,-0.9753753565036108,25.588898224386913,1947.9059139088727,11,-0.07980701002834323
150,12 SPL A4 M 70A,0.244,13732.0,167.355,M 70A,,,,M,70,18.05936936478109,1944.924,-1.3426443552044274,25.731889354738353,1948.0309139088727,0,0.0633913482979942
151,12 SPL A4 M 71A,0.222,14453.0,171.619,M 71A,1.0,18.0,,M,71,18.18436936478109,1945.049,-1.4557560462023162,25.58608466099417,1948.1559139088727,2,-0.08218918383363771
152,12 SPL A4 M 72A,0.234,13501.0,164.224,M 72A,,,,M,72,18.43436936478109,1945.299,-1.8916877145431963,25.59196943651654,1948.4059139088727,5,-0.07580528417411969
153,12 SPL A4 M 73A,0.24,14197.0,170.843,M 73A,,,18.0,M,73,18.68436936478109,1945.549,-1.7788986725358853,25.71642749156712,1948.6559139088727,8,0.04921962956467851
154,12 SPL A4 M 74A,0.248,13605.0,165.108,M 74A,,,,M,74,18.784369364781092,1945.6490000000001,-1.3515750243011082,25.725713622277386,1948.7559139088726,9,0.058751469424510816
155,12 SPL A4 M 75A,0.25,13202.0,159.082,M 75A,,,,M,75,18.88436936478109,1945.749,-1.3106980581131942,25.869314096789797,1948.8559139088727,10,0.2026084906144412
156,12 SPL A4 M 76A,0.274,15074.0,181.237,M 76A,,,,M,76,18.98436936478109,1945.849,-1.3468089958675382,25.550328306442626,1948.9559139088726,11,-0.11610991552680261
157,12 SPL A4 M 77A,0.274,16296.0,200.575,M 77A,,,,M,77,19.08436936478109,1945.949,-1.681326036168883,25.550390024581123,1949.0559139088728,1,-0.11576997565442682
158,12 SPL A4 M 78A,0.268,14672.0,172.145,M 78A,1.0,19.0,,M,78,19.18436936478109,1946.049,-1.4583734589919832,25.426447267004274,1949.1559139088727,2,-0.23942367396898945
159,12 SPL A4 M 79A,0.246,15964.0,194.686,M 79A,,,,M,79,19.284369364781092,1946.1490000000001,-1.1407024091433464,25.461948911777927,1949.2559139088726,3,-0.2036221324055525
160,12 SPL A4 M 80A,0.22,13396.0,156.249,M 80A,,,,M,80,19.38436936478109,1946.249,-1.6318969999820438,25.713812797731723,1949.3559139088727,4,0.04855248786643429
161,12 SPL A4 M 81A,0.252,13556.0,165.618,M 81A,,,,M,81,19.48436936478109,1946.349,-1.5600401154528196,25.80737063811164,1949.4559139088726,5,0.14243190009294793
162,12 SPL A4 M 82A,0.292,17837.0,208.52,M 82A,,,,M,82,19.58436936478109,1946.449,-1.4984752683152653,25.881807611395555,1949.5559139088728,7,0.21720128275141448
163,12 SPL A4 M 83A,0.296,15663.0,190.754,M 83A,,,19.0,M,83,19.68436936478109,1946.549,-1.24467096228312,25.806778927704524,1949.6559139088727,8,0.1425158459628868
164,12 SPL A4 M 84A,0.224,12074.0,140.77,M 84A,,,,M,84,19.85103603144776,1946.7156666666667,-1.289366497992009,25.983248719401328,1949.8225805755394,10,0.31958179922628105
165,12 SPL A4 M 85A,0.238,13410.0,163.562,M 85A,,,,M,85,20.017702698114423,1946.8823333333332,-1.08371221679067,25.89175990614031,1949.989247242206,0,0.2287192517769263
166,12 SPL A4 M 86A,0.228,12554.0,148.184,M 86A,1.0,20.0,,M,86,20.18436936478109,1947.049,-1.1493903579739888,25.86305901243647,1950.1559139088727,2,0.2006747281293606
167,12 SPL A4 M 87A,0.26,13628.0,162.462,M 87A,,,,M,87,20.284369364781092,1947.1490000000001,-1.50183156651672,25.797507491789144,1950.2559139088726,3,0.13553147955316192
168,12 SPL A4 M 88A,0.232,11020.0,135.225,M 88A,,,,M,88,20.38436936478109,1947.249,-1.5743405277923455,25.90686125701053,1950.3559139088727,4,0.2453043543736264
169,12 SPL A4 M 89A,0.244,13176.0,153.761,M 89A,,,,M,89,20.48436936478109,1947.349,-1.8502954610210038,25.868422612567148,1950.4559139088726,5,0.20729565705818587
170,12 SPL A4 M 90A,0.252,11888.0,145.329,M 90A,,,,M,90,20.58436936478109,1947.449,-1.4142771357781387,26.05158343419866,1950.5559139088728,7,0.39089726334513486
171,12 SPL A4 M 91A,0.206,11868.0,138.542,M 91A,,,20.0,M,91,20.68436936478109,1947.549,-1.5500049123234834,25.802707489870176,1950.6559139088727,8,0.14247294120049858
172,12 SPL A4 M 92A,0.216,13200.0,160.79,M 92A,,,,M,92,20.80936936478109,1947.674,-1.2553070978927126,25.724440073387914,1950.7809139088727,9,0.06478529272149913
173,12 SPL A4 M 93A,0.224,13331.0,158.357,M 93A,,,,M,93,20.93436936478109,1947.799,-0.8682313059608029,25.611046219227898,1950.9059139088727,11,-0.04801185979714617
174,12 SPL A4 M 94A,0.228,13985.0,170.056,M 94A,,,,M,94,21.05936936478109,1947.924,-1.4156973376849253,25.497044980212923,1951.0309139088727,0,-0.16139946353309753
175,12 SPL A4 M 95A,0.258,16513.0,198.361,M 95A,1.0,21.0,,M,95,21.18436936478109,1948.049,-1.8409122334624688,24.88162403173926,1951.1559139088727,2,-0.7761898430900835
176,12 SPL A4 M 96A,0.216,13259.0,160.361,M 96A,,,,M,96,21.35103603144776,1948.2156666666667,-1.441778080502167,25.503391172294467,1951.3225805755394,4,-0.15355560276492852
177,12 SPL A4 M 97A,0.246,11914.0,144.763,M 97A,,,,M,97,21.517702698114423,1948.3823333333332,-1.74402308886588,25.68064370673181,1951.489247242206,6,0.024594135686069052
178,12 SPL A4 M 98A,0.26,14795.0,178.043,M 98A,,,21.0,M,98,21.68436936478109,1948.549,-1.6624735817912317,25.756273897359858,1951.6559139088727,8,0.10115163457374976
179,12 SPL A4 M 99A,0.226,12760.0,153.702,M 99A,,,,M,99,21.85103603144776,1948.7156666666667,-1.3314201364158653,25.743298393482075,1951.8225805755394,10,0.08913354319976108
180,12 SPL A4 M 100A,0.224,16719.0,204.567,M 100A,,,,M,100,22.017702698114423,1948.8823333333332,-1.1661551550071492,25.42913445516108,1951.989247242206,0,-0.2240428783728241
181,12 SPL A4 M 101A,0.246,12856.0,151.782,M 101A,1.0,22.0,,M,101,22.18436936478109,1949.049,-1.563567046304826,25.519865017006357,1952.1559139088727,2,-0.13229469553361284
182,12 SPL A4 M 102A,0.216,11583.0,141.779,M 102A,,,,M,102,22.284369364781092,1949.1490000000001,-1.572950982092566,25.593404628149674,1952.2559139088726,3,-0.05813006175693758
183,12 SPL A4 M 103A,0.202,12629.0,149.399,M 103A,,,,M,103,22.38436936478109,1949.249,-1.8384560439924897,25.416695801122852,1952.3559139088727,4,-0.23420302862244924
184,12 SPL A4 M 104A,0.222,16202.0,197.065,M 104A,,,,M,104,22.48436936478109,1949.349,-1.8929892374703814,25.64970332628847,1952.4559139088726,5,-0.0005488057671136914
185,12 SPL A4 M 105A,0.218,14167.0,164.414,M 105A,,,,M,105,22.58436936478109,1949.449,-1.8633068962078294,25.934704954346454,1952.5559139088728,7,0.2851103575089944
186,12 SPL A4 M 106A,0.206,11203.0,136.847,M 106A,,,22.0,M,106,22.68436936478109,1949.549,-1.1250459402278672,25.891007532642536,1952.6559139088727,8,0.24208130855115328
187,12 SPL A4 M 107A,0.266,15948.0,185.225,M 107A,,,,M,107,22.83436936478109,1949.699,-1.074151375465136,25.630175903200833,1952.8059139088728,10,-0.017727441406069744
188,12 SPL A4 M 108A,0.248,12735.0,155.089,M 108A,,,,M,108,22.98436936478109,1949.849,-0.9661504687601441,25.43791214596855,1952.9559139088726,11,-0.20894393471597894
189,12 SPL A4 M 109A,0.22,15479.0,183.916,M 109A,,,,M,109,23.134369364781094,1949.999,-1.2895693550713783,25.296984164818053,1953.1059139088727,1,-0.3488002675057551
190,12 SPL A4 M 110A,0.212,13634.0,165.414,M 110A,1.0,23.1,,M,110,23.284369364781092,1950.1490000000001,-1.4123315289770066,25.45781673545807,1953.2559139088726,3,-0.18687166406666833
191,SPL A4 Path L 1A,0.25,17347.0,207.555,L 1A,,23.5,,L,1,23.68436936478109,1950.549,-1.3252579924449117,25.521913909946193,1953.6559139088727,8,-0.20023438629334578
192,SPL A4 Path L 2A,0.236,10376.0,125.018,L 2A,,,,L,2,23.68436936478109,1950.549,-1.626970793854084,25.708355924177177,1953.6559139088727,8,-0.013792372062361835
193,SPL A4 Path L 3A,0.234,11493.0,144.091,L 3A,,,,L,3,23.68436936478109,1950.549,-1.5248595362293538,25.826296540914274,1953.6559139088727,8,0.10414824467473593
194,SPL A4 Path L 4A,0.208,10958.0,131.145,L 4A,,,,L,4,23.68436936478109,1950.549,-1.1132537931665887,25.686347899931537,1953.6559139088727,8,-0.03580039630800158
195,SPL A4 Path L 5A,0.262,13659.0,169.87,L 5A,,,23.0,L,5,23.68436936478109,1950.549,-1.20540080645696,25.667925884352197,1953.6559139088727,8,-0.05422241188734134
196,SPL A4 Path L 6A,0.26,13252.0,164.116,L 6A,,,,L,6,23.93436936478109,1950.799,-1.3177131699449447,25.61015656705917,1953.9059139088727,11,-0.10293836371288734
197,SPL A4 Path L 7A,0.212,10750.0,130.961,L 7A,1.0,24.0,,L,7,24.18436936478109,1951.049,-1.3755068779603503,25.47917170034806,1954.1559139088727,2,-0.2253691494116623
198,SPL A4 Path L 8A,0.218,13387.0,167.726,L 8A,,,,L,8,24.35103603144776,1951.2156666666667,-1.4262671621626974,25.635451225378134,1954.3225805755394,4,-0.06366428395834589
199,SPL A4 Path L 9A,0.236,13471.0,160.97,L 9A,,,,L,9,24.517702698114423,1951.3823333333332,-1.784876728995975,25.80450406637558,1954.489247242206,6,0.11059199325702451
200,SPL A4 Path L 10A,0.262,13377.0,166.586,L 10A,,,24.0,L,10,24.68436936478109,1951.549,-1.19938159441859,25.84953948535598,1954.6559139088727,8,0.16060894425367067
201,SPL A4 Path L 11A,0.224,12207.0,148.348,L 11A,,,,L,11,24.784369364781092,1951.6490000000001,-1.4511532787893158,25.869379538590756,1954.7559139088726,9,0.18333140268175185
202,SPL A4 Path L 12A,0.24,12553.0,151.3,L 12A,,,,L,12,24.88436936478109,1951.749,-1.3432568424577527,25.66977901308277,1954.8559139088727,10,-0.013466603147353595
203,SPL A4 Path L 13A,0.224,11538.0,144.636,L 13A,,,,L,13,24.98436936478109,1951.849,-1.1068826725710021,25.720190201837877,1954.9559139088726,11,0.039667219775846974
204,SPL A4 Path L 14A,0.21,10964.0,131.734,L 14A,,,,L,14,25.08436936478109,1951.949,-1.1926917965847663,25.58861007864438,1955.0559139088728,1,-0.08927015476398026
205,SPL A4 Path L 15A,0.224,10391.0,129.75,L 15A,1.0,25.0,,L,15,25.18436936478109,1952.049,-1.2855377786512403,25.669001637056326,1955.1559139088727,2,-0.0063157332091492435
206,SPL A4 Path L 16A,0.226,11349.0,139.779,L 16A,,,,L,16,25.43436936478109,1952.299,-1.417984887201122,25.79962875112882,1955.4059139088727,5,0.1303690395963173
207,SPL A4 Path L 17A,0.214,9281.0,113.609,L 17A,,,25.0,L,17,25.68436936478109,1952.549,-1.0660718856739226,25.73767317911055,1955.6559139088727,8,0.07397184185587236
208,SPL A4 Path L 18A,0.212,11286.0,141.645,L 18A,,,,L,18,25.93436936478109,1952.799,-0.4073225001988497,26.050452768454207,1955.9059139088727,11,0.39181052102220804
209,SPL A4 Path L 19A,0.205,12543.0,150.07,L 19A,1.0,26.0,,L,19,26.18436936478109,1953.049,-0.3725453693480854,25.859456767706266,1956.1559139088727,2,0.20537432563998337
210,SPL A4 Path L 20A,0.214,13398.0,166.859,L 20A,,,,L,20,26.30936936478109,1953.174,-0.9242138494017471,25.60143528620786,1956.2809139088727,3,-0.05055448484533542
211,SPL A4 Path L 21A,0.219,14290.0,174.071,L 21A,,,,L,21,26.43436936478109,1953.299,-1.3694987766973234,25.90647604232285,1956.4059139088727,5,0.2564541211671383
212,SPL A4 Path L 22A,0.221,18001.0,214.28,L 22A,,,,L,22,26.55936936478109,1953.424,-1.350125927802788,25.698228580654146,1956.5309139088727,6,0.05004968828394851
213,SPL A4 Path L 23A,0.219,15085.0,187.907,L 23A,,,26.0,L,23,26.68436936478109,1953.549,-0.8035514352225968,25.76410146922162,1956.6559139088727,8,0.11764078452133475
214,SPL A4 Path L 24A,0.245,21187.0,255.561,L 24A,,,,L,24,26.85103603144776,1953.7156666666667,-1.0008722398503334,25.383298483817548,1956.8225805755394,10,-0.2610654234974348
215,SPL A4 Path L 25A,0.247,14036.0,173.461,L 25A,,,,L,25,27.017702698114423,1953.8823333333332,-1.04349468917056,25.270575467278523,1956.989247242206,0,-0.3719135668564739
216,SPL A4 Path L 26A,0.215,14405.0,178.651,L 26A,1.0,27.0,,L,26,27.18436936478109,1954.049,-0.7982323030378644,25.758047615993807,1957.1559139088727,2,0.11721155083711565
217,SPL A4 Path L 27A,0.226,13655.0,164.769,L 27A,,,,L,27,27.35103603144776,1954.2156666666667,-1.2694045288254827,25.59766266737859,1957.3225805755394,4,-0.04174233300147634
218,SPL A4 Path L 28A,0.206,13386.0,167.756,L 28A,,,,L,28,27.517702698114423,1954.3823333333332,-1.3118074898291676,25.657952718744554,1957.489247242206,6,0.019756878937613465
219,SPL A4 Path L 29A,0.244,18264.0,216.618,L 29A,,,27.0,L,29,27.68436936478109,1954.549,-0.7471042521716749,25.666066269172106,1957.6559139088727,8,0.02885768573661096
220,SPL A4 Path L 30A,0.211,15643.0,203.841,L 30A,,,,L,30,27.93436936478109,1954.799,-1.2747969921274769,25.268471861805157,1957.9059139088727,11,-0.3676719074542767
221,SPL A4 Path L 31A,0.213,18321.0,222.891,L 31A,1.0,28.0,,L,31,28.18436936478109,1955.049,-0.5583489462697029,25.41911116950339,1958.1559139088727,2,-0.21646707003512944
222,SPL A4 Path L 32A,0.231,19658.0,235.436,L 32A,,,,L,32,28.30936936478109,1955.174,-1.4332888691581216,25.563860282084644,1958.2809139088727,3,-0.07162242426500498
223,SPL A4 Path L 33A,0.241,16149.0,200.661,L 33A,,,,L,33,28.43436936478109,1955.299,-1.4921024453429363,25.461435252586654,1958.4059139088727,5,-0.17407674168791232
224,SPL A4 Path L 34A,0.246,17945.0,217.851,L 34A,,,,L,34,28.55936936478109,1955.424,-1.5240148142821648,25.761314790718586,1958.5309139088727,6,0.12564868740531665
225,SPL A4 Path L 35A,0.2,11669.0,144.545,L 35A,,,28.0,L,35,28.68436936478109,1955.549,-1.4254375912727937,25.656798130730937,1958.6559139088727,8,0.020853097265177922
226,SPL A4 Path L 36A,0.217,13236.0,164.094,L 36A,,,,L,36,28.93436936478109,1955.799,-0.8713984757891997,25.62473860452582,1958.9059139088727,11,-0.012138752586277946
227,SPL A4 Path L 37A,0.222,20949.0,252.159,L 37A,1.0,29.0,,L,37,29.18436936478109,1956.049,-0.9165211525826737,25.58422024919591,1959.1559139088727,2,-0.05408871601767373
228,SPL A4 Path L 38A,0.242,15634.0,194.748,L 38A,,,,L,38,29.35103603144776,1956.2156666666667,-1.0430006636960054,25.23811976869536,1959.3225805755394,4,-0.4014209821726773
229,SPL A4 Path L 39A,0.207,14528.0,175.204,L 39A,,,,L,39,29.517702698114423,1956.3823333333332,-1.0303474097146224,25.366991050779994,1959.489247242206,6,-0.27400338994599593
230,SPL A4 Path L 40A,0.21,15065.0,186.81,L 40A,,,29.0,L,40,29.68436936478109,1956.549,-1.0193755190637315,26.494078015323236,1959.6559139088727,8,0.851407980537612
231,SPL A4 Path L 41A,0.225,23041.0,281.756,L 41A,,,,L,41,29.804369364781092,1956.669,-1.2334038995953929,25.67951617171961,1959.7759139088726,9,0.03550230612885841
232,SPL A4 Path L 42A,0.226,14202.0,169.319,L 42A,,,,L,42,29.924369364781093,1956.789,-0.9094016707642341,25.762652995149224,1959.8959139088727,11,0.11718026361519662
233,SPL A4 Path L 43A,0.202,10974.0,137.132,L 43A,,,,L,43,30.04436936478109,1956.909,-0.9083611971569168,25.57238597153521,1960.0159139088726,0,-0.07466066108024805
234,SPL A4 Path L 44A,0.216,14334.0,174.336,L 44A,,,,L,44,30.16436936478109,1957.029,-0.6192795291854911,25.687990967489366,1960.1359139088727,2,0.03925539865251082
235,SPL A4 Path L 45A,0.202,14921.0,182.224,L 45A,1.0,30.1,,L,45,30.284369364781092,1957.1490000000001,-0.4491814372389376,25.64734787274571,1960.2559139088726,3,-0.003191667450696656
236,SPL A4 Path K 1A,0.215,10719.0,134.854,K 1A,,30.8,,K,1,30.98436936478109,1957.849,-0.9718503896200255,25.742543504780766,1960.9559139088726,11,0.1293259788617398
237,SPL A4 Path K 2A,0.3,17651.0,209.981,K 2A,,,,K,2,31.051036031447758,1957.9156666666668,-0.8548426124722264,25.79324458793341,1961.0225805755392,0,0.1762356180653697
238,SPL A4 Path K 3A,0.275,14974.0,185.919,K 3A,,,,K,3,31.117702698114424,1957.9823333333334,-1.0824183613792104,25.546946116538642,1961.089247242206,1,-0.07380615544283131
239,SPL A4 Path K 4A,0.207,12308.0,151.782,K 4A,1.0,31.0,,K,4,31.18436936478109,1958.049,-1.0850398983177905,25.57980547186469,1961.1559139088727,2,-0.044641960398276836
240,SPL A4 Path K 5A,0.24,12764.0,154.839,K 5A,,,,K,5,31.284369364781092,1958.1490000000001,-0.6823644914402236,25.52474499568053,1961.2559139088726,3,-0.10515491105615382
241,SPL A4 Path K 6A,0.224,11546.0,144.98,K 6A,,,,K,6,31.38436936478109,1958.249,-0.9455950214429951,25.530216066367327,1961.3559139088727,4,-0.10502799570847188
242,SPL A4 Path K 7A,0.215,12469.0,149.439,K 7A,,,,K,7,31.48436936478109,1958.349,-0.8781388781543573,25.618594439962457,1961.4559139088726,5,-0.02188545832149913
243,SPL A4 Path K 8A,0.219,9586.0,120.039,K 8A,,,,K,8,31.58436936478109,1958.449,-0.8633179119036183,25.729250274936913,1961.5559139088728,7,0.08364285957575746
244,SPL A4 Path K 9A,0.262,14075.0,172.413,K 9A,,,31.0,K,9,31.68436936478109,1958.549,-1.0394361249519786,25.770992573394484,1961.6559139088727,8,0.12036596008708855
245,SPL A4 Path K 10A,0.223,11770.0,144.136,K 10A,,,,K,10,31.93436936478109,1958.799,-1.4466454352186962,25.66962234037911,1961.9059139088727,11,0.006921628411337366
246,SPL A4 Path K 11A,0.199,10434.0,130.943,K 11A,1.0,32.0,,K,11,32.18436936478109,1959.049,-0.9513836343894797,25.561295639738077,1962.1559139088727,2,-0.11280217631066591
247,SPL A4 Path K 12A,0.253,14591.0,177.021,K 12A,,,,K,12,32.351036031447755,1959.2156666666667,-0.8359383352760061,25.547832265333877,1962.3225805755394,4,-0.13348751200695474
248,SPL A4 Path K 13A,0.225,11746.0,144.523,K 13A,,,,K,13,32.51770269811443,1959.3823333333332,-0.7017800663163041,25.54256776311624,1962.489247242206,6,-0.14567308903613707
249,SPL A4 Path K 14A,0.217,11960.0,149.639,K 14A,,,32.0,K,14,32.68436936478109,1959.549,-0.3391337527869354,25.677161091588133,1962.6559139088727,8,-0.017699948898879825
250,SPL A4 Path K 15A,0.2,12446.0,149.161,K 15A,,,,K,15,32.80936936478109,1959.674,-0.7197787143150476,25.587483931217097,1962.7809139088727,9,-0.1121447937723552
251,SPL A4 Path K 16A,0.2,11536.0,144.744,K 16A,,,,K,16,32.93436936478109,1959.799,-1.0650770672525591,25.75140000315657,1962.9059139088727,11,0.047172842312257046
252,SPL A4 Path K 17A,0.265,14231.0,170.327,K 17A,,,,K,17,33.05936936478109,1959.924,-1.2146523450566102,25.822420637850428,1963.0309139088727,0,0.11376428979156117
253,SPL A4 Path K 18A,0.231,11777.0,146.82,K 18A,1.0,33.0,,K,18,33.18436936478109,1960.049,-0.9044574767437925,25.787765034966473,1963.1559139088727,2,0.07484874834063149
254,SPL A4 Path K 19A,0.258,13807.0,170.318,K 19A,,,,K,19,33.30936936478109,1960.174,-0.7621082431944222,25.706513772515006,1963.2809139088727,3,-0.010493204033867443
255,SPL A4 Path K 20A,0.25,12805.0,154.756,K 20A,,,,K,20,33.43436936478109,1960.299,-0.7126322636146396,25.5780366669778,1963.4059139088727,5,-0.1428917508538028
256,SPL A4 Path K 21A,0.224,12126.0,151.797,K 21A,,,,K,21,33.55936936478109,1960.424,-0.6508052431427949,25.51923550525429,1963.5309139088727,6,-0.2054451052124584
257,SPL A4 Path K 22A,0.262,15438.0,185.227,K 22A,,,33.0,K,22,33.68436936478109,1960.549,-0.6600915281671533,25.724096042361023,1963.6559139088727,8,-0.004167512096930892
258,SPL A4 Path K 23A,0.242,13850.0,170.944,K 23A,,,,K,23,33.80936936478109,1960.674,-0.6757691351968123,25.827374788406676,1963.7809139088727,9,0.0956975386014598
259,SPL A4 Path K 24A,0.216,12258.0,152.773,K 24A,,,,K,24,33.93436936478109,1960.799,-0.5732786971117514,25.857899021907436,1963.9059139088727,11,0.12297732539526152
260,SPL A4 Path K 25A,0.254,14821.0,179.466,K 25A,,,,K,25,34.05936936478109,1960.924,-0.8511498957835644,25.719265633303213,1964.0309139088727,0,-0.01873126126833924
261,SPL A4 Path K 26A,0.24,12999.0,162.911,K 26A,1.0,34.0,,K,26,34.18436936478109,1961.049,-0.6915508804935468,25.745846105499044,1964.1559139088727,2,0.004943261512057262
262,SPL A4 Path K 27A,0.2,10833.0,129.926,K 27A,,,,K,27,34.43436936478109,1961.299,-0.48506560534202675,25.673355541553637,1964.4059139088727,5,-0.07285145533966997
263,SPL A4 Path K 28A,0.198,10178.0,127.375,K 28A,,,34.0,K,28,34.68436936478109,1961.549,-0.445035501923343,25.67948673321797,1964.6559139088727,8,-0.07134742199860966
264,SPL A4 Path K 29A,0.246,14118.0,173.524,K 29A,,,,K,29,34.851036031447755,1961.7156666666667,-1.1758588709335662,25.847858995974022,1964.8225805755394,10,0.0943161766371503
265,SPL A4 Path K 30A,0.22,11958.0,145.776,K 30A,,,,K,30,35.01770269811443,1961.8823333333332,-0.9089946123584973,26.099695897339014,1964.989247242206,0,0.3437453003623965
266,SPL A4 Path K 31A,0.302,16087.0,200.053,K 31A,1.0,35.0,,K,31,35.18436936478109,1962.049,-0.30123196888866527,25.94112216501136,1965.1559139088727,2,0.1830646768719042
267,SPL A4 Path K 32A,0.29,17458.0,210.167,K 32A,,,,K,32,35.43436936478109,1962.299,-0.1168801662761409,25.74256296412931,1965.4059139088727,5,-0.018090698609750433
268,SPL A4 Path K 33A,0.241,151.239,12187.0,K 33A,,,35.0,K,33,35.68436936478109,1962.549,-0.2401027517735968,25.47247169396331,1965.6559139088727,8,-0.2901011487995824
269,SPL A4 Path K 34A,0.256,30480.0,376.178,K 34A,,,,K,34,35.851036031447755,1962.7156666666667,-0.5668197003839093,25.827160236615036,1965.8225805755394,10,0.06368404860057097
270,SPL A4 Path K 35A,0.23,12230.0,147.176,K 35A,,,,K,35,36.01770269811443,1962.8823333333332,-0.35035250466453066,25.938142389895848,1965.989247242206,0,0.17406374311035577
271,SPL A4 Path K 36A,0.234,14096.0,176.067,K 36A,1.0,36.0,,K,36,36.18436936478109,1963.049,0.34754145543441456,25.863011840997963,1966.1559139088727,2,0.09863162191471275
272,SPL A4 Path K 37A,0.236,14027.0,170.067,K 37A,,,,K,37,36.351036031447755,1963.2156666666667,-0.16801124735378753,25.697168295637326,1966.3225805755394,4,-0.06721260926313732
273,SPL A4 Path K 38A,0.253,12414.0,154.468,K 38A,,,,K,38,36.51770269811443,1963.3823333333332,0.12301379623212033,26.002936033055615,1966.489247242206,6,0.23885532881848448
274,SPL A4 Path K 39A,0.21,11374.0,141.138,K 39A,,,36.0,K,39,36.68436936478109,1963.549,-0.47860802271286457,25.681702105206057,1966.6559139088727,8,-0.08177751189083438
275,SPL A4 Path K 40A,0.243,14606.0,177.585,K 40A,,,,K,40,36.851036031447755,1963.7156666666667,-0.3550496354441704,25.847457335061772,1966.8225805755394,10,0.08487969158202802
276,SPL A4 Path K 41A,0.225,11750.0,146.602,K 41A,,,,K,41,37.01770269811443,1963.8823333333332,-0.2765133219485752,25.814128460582396,1966.989247242206,0,0.052753677196704984
277,SPL A4 Path K 42A,0.196,9832.0,121.483,K 42A,1.0,37.0,,K,42,37.18436936478109,1964.049,-0.13249292678061803,25.7651023782775,1967.1559139088727,2,0.005231341466409134
278,SPL A4 Path K 43A,0.252,13548.0,164.606,K 43A,,,,K,43,37.30936936478109,1964.174,-0.49710150424255134,25.518475592745762,1967.2809139088727,3,-0.24007017738220426
279,SPL A4 Path K 44A,0.225,11720.0,147.044,K 44A,,,,K,44,37.43436936478109,1964.299,-0.11983603654548641,25.66481538233108,1967.4059139088727,5,-0.09223587247345577
280,SPL A4 Path K 45A,0.236,12957.0,154.829,K 45A,,,,K,45,37.55936936478109,1964.424,-0.7080107871143784,25.750077266413236,1967.5309139088727,6,-0.005310224420291831
281,SPL A4 Path K 46A,0.28,14429.0,179.486,K 46A,,,37.0,K,46,37.68436936478109,1964.549,-0.32623454664228496,25.874240384065526,1967.6559139088727,8,0.12068590584695116
282,SPL A4 Path K 47A,0.249,13411.0,163.712,K 47A,,,,K,47,37.93436936478109,1964.799,-0.4995822373554249,25.888079473583918,1967.9059139088727,11,0.1386987665234365
283,SPL A4 Path K 48A,0.25,13626.0,166.972,K 48A,1.0,38.0,,K,48,38.18436936478109,1965.049,-0.3378741948912703,25.73974535025166,1968.1559139088727,2,-0.004784591074958655
284,SPL A4 Path K 49A,0.251,7254.0,91.432,K 49A,,,,K,49,38.43436936478109,1965.299,-0.6787406615586862,25.720993523662386,1968.4059139088727,5,-0.018008657354599222
285,SPL A4 Path K 50A,0.224,12646.0,151.411,K 50A,,,38.0,K,50,38.68436936478109,1965.549,-0.2531166552601662,25.706635019225168,1968.6559139088727,8,-0.02616240690641547
286,SPL A4 Path K 51A,0.202,10102.0,125.518,K 51A,,,,K,51,38.76770269811443,1965.6323333333332,-0.3992965811265448,25.5231927384159,1968.739247242206,9,-0.20738599284572956
287,SPL A4 Path K 52A,0.26,15056.0,186.853,K 52A,,,,K,52,38.851036031447755,1965.7156666666667,-0.6080437071166878,25.701415922154126,1968.8225805755394,10,-0.026868892622871954
288,SPL A4 Path K 53A,0.23,12920.0,155.476,K 53A,,,,K,53,38.93436936478109,1965.799,-0.9319884629372104,25.886682891107643,1968.9059139088727,11,0.16076721444087028
289,SPL A4 Path K 54A,0.21,13346.0,166.876,K 54A,,,,K,54,39.01770269811443,1965.8823333333332,-0.7948703844332681,25.96945397857616,1968.989247242206,0,0.2459826616306522
290,SPL A4 Path K 55A,0.242,14929.0,178.432,K 55A,,,,K,55,39.101036031447755,1965.9656666666667,-0.5262439568888513,25.79158754956124,1969.0725805755394,1,0.07063581396623064
291,SPL A4 Path K 56A,0.21,16563.0,206.789,K 56A,1.0,39.0,,K,56,39.18436936478109,1966.049,-0.21548233802650868,25.76513630739804,1969.1559139088727,2,0.04677937476821015
292,SPL A4 Path K 57A,0.224,14518.0,178.631,K 57A,,,,K,57,39.43436936478109,1966.299,-0.4044194566159061,25.4724058345466,1969.4059139088727,5,-0.23771535947415856
293,SPL A4 Path K 58A,0.212,12943.0,157.321,K 58A,,,39.0,K,58,39.68436936478109,1966.549,-0.7465446731225984,25.42770521615268,1969.6559139088727,8,-0.2735032446795955
294,SPL A4 Path K 59A,0.224,15638.0,195.423,K 59A,,,,K,59,39.80936936478109,1966.674,-0.9479806059161155,25.590699713303415,1969.7809139088727,9,-0.10579850796688817
295,SPL A4 Path K 60A,0.24,17416.0,209.031,K 60A,,,,K,60,39.93436936478109,1966.799,-1.1668771221606455,25.71939336646288,1969.9059139088727,11,0.02777463339849362
296,SPL A4 Path K 61A,0.21,17846.0,218.911,K 61A,,,,K,61,40.05936936478109,1966.924,-0.9092084442803201,25.670612771324233,1970.0309139088727,0,-0.015957224893934807
297,SPL A4 Path K 62A,0.234,13244.0,165.558,K 62A,1.0,40.0,,K,62,40.18436936478109,1967.049,-0.83024941628646,25.680887307355487,1970.1559139088727,2,-0.00046470336888049246
298,SPL A4 Path K 63A,0.217,12056.0,144.748,K 63A,,,,K,63,40.30936936478109,1967.174,-0.803710319309997,25.60676365500534,1970.2809139088727,3,-0.06920112158128333
299,SPL A4 Path K 64A,0.228,15720.0,195.556,K 64A,,,,K,64,40.43436936478109,1967.299,-0.6956198484381313,25.37221463846993,1970.4059139088727,5,-0.2981936553422848
300,SPL A4 Path K 65A,0.246,17796.0,215.068,K 65A,,,,K,65,40.55936936478109,1967.424,-0.9830182339451417,25.580762971604585,1970.5309139088727,6,-0.08391959078200273
301,SPL A4 Path K 66A,0.221,14051.0,173.684,K 66A,,,40.0,K,66,40.68436936478109,1967.549,-0.9915859548259749,25.416635341619404,1970.6559139088727,8,-0.24215224069761376
302,SPL A4 Path K 67A,0.213,12661.0,157.475,K 67A,,,,K,67,40.851036031447755,1967.7156666666667,-0.7857897497597979,25.607751092204534,1970.8225805755394,10,-0.0429132410204609
303,SPL A4 Path K 68A,0.205,12130.0,146.006,K 68A,,,,K,68,41.01770269811443,1967.8823333333332,-1.2906627752886215,25.653723054703324,1970.989247242206,0,0.01148285705089691
304,SPL A4 Path K 69A,0.244,13713.0,171.445,K 69A,1.0,41.0,,K,69,41.18436936478109,1968.049,-1.2938083367951811,25.73875142660295,1971.1559139088727,2,0.10523625099635936
305,SPL A4 Path K 70A,0.261,15407.0,193.929,K 70A,,,,K,70,41.34436936478109,1968.209,-1.294710430745958,25.839497463591954,1971.3159139088727,4,0.21464138315042192
306,SPL A4 Path K 71A,0.21,12358.0,154.312,K 71A,,,,K,71,41.50436936478109,1968.369,-1.039113811459992,25.808226290481695,1971.4759139088726,6,0.1923066021835318
307,SPL A4 Path K 72A,0.233,13578.0,162.299,K 72A,,,,K,72,41.66436936478109,1968.529,-1.2097968352248132,25.73048319930236,1971.6359139088727,8,0.12377720012587545
308,SPL A4 Path K 73A,0.22,28933.0,357.069,K 73A,,,,K,73,41.82436936478109,1968.689,-1.1243308321550405,25.44586028938661,1971.7959139088725,10,-0.15135472368988445
309,SPL A4 Path K 74A,0.211,12044.0,145.447,K 74A,,41.8,,K,74,41.98436936478109,1968.849,-0.7085195596180245,25.810990515890257,1971.9559139088726,11,0.2235437858884275
310,12 SPL-A4 Path J 1A,0.209,9439.0,108.667,J 1A,,42.3,,J,1,42.48436936478109,1969.349,-1.6619204677826196,25.874727767739127,1972.4559139088726,5,0.13943418038953936
311,Path J 2A,0.223,10496.0,120.92,J 2A,,,,J,2,42.62436936478109,1969.489,-1.0437161811576312,25.95709207988313,1972.5959139088727,7,0.19930456895582793
312,Path J 3A,0.234,11430.0,132.14,J 3A,,,,J,3,42.76436936478109,1969.629,-0.6078824231037332,25.83037649008695,1972.7359139088726,9,0.05208033458113803
313,Path J 4A,0.255,12346.0,142.721,J 4A,,,,J,4,42.90436936478109,1969.769,-0.4757685844138431,25.815998769147267,1972.8759139088727,11,0.019179247974829394
314,Path J 5A,0.237,10748.0,123.79,J 5A,,,,J,5,43.04436936478109,1969.909,-0.8339626888859761,25.7933061601026,1973.0159139088726,0,-0.020051447766366692
315,Path J 6A,0.262,13543.0,156.783,J 6A,2.0,43.0,,J,6,43.18436936478109,1970.049,-1.164542961421838,25.640199150513396,1973.1559139088727,2,-0.1877112651111048
316,Path J 7A,0.249,12144.0,140.126,J 7A,,,,J,7,43.43436936478109,1970.299,-1.426739823220522,25.722416643916514,1973.4059139088727,5,-0.1265430534357428
317,Path J 8A,0.243,13174.0,152.13,J 8A,,,,J,8,43.68436936478109,1970.549,-1.3676186638087025,25.70226462001423,1973.6559139088727,8,-0.16141375020984938
318,Path J 9A,0.225,10457.0,120.666,J 9A,,,,J,9,43.93436936478109,1970.799,-1.5821879279582396,25.69882369347992,1973.9059139088727,11,-0.17324274067273748
319,Path J 10A,0.25,11200.0,129.384,J 10A,1.0,44.0,,J,10,44.18436936478109,1971.049,-1.6285483471967561,25.66502994517736,1974.1559139088727,2,-0.2090939440188393
320,Path J 11A,0.275,13321.0,153.947,J 11A,,,,J,11,44.351036031447755,1971.2156666666667,-1.5400734423916511,25.842131703830997,1974.3225805755394,4,-0.029846817108595047
321,Path J 12A,0.27,14013.0,161.844,J 12A,,,,J,12,44.51770269811443,1971.3823333333332,-1.48539866058865,25.86629009670349,1974.489247242206,6,-0.0007294520176550634
322,Path J 13A,0.276,12703.0,148.631,J 13A,,,,J,13,44.68436936478109,1971.549,-0.9399657832994597,25.882375862408374,1974.6559139088727,8,0.02312888983841077
323,Path J 14A,0.239,11550.0,133.483,J 14A,,,,J,14,44.851036031447755,1971.7156666666667,-0.49713889195897737,26.011949610489744,1974.8225805755394,10,0.16328881803280382
324,Path J 15A,0.244,11360.0,131.025,J 15A,,,,J,15,45.01770269811443,1971.8823333333332,-0.5932104513924648,25.88404514942956,1974.989247242206,0,0.0487841410474843
325,Path J 16A,0.274,12332.0,142.369,J 16A,1.0,45.0,,J,16,45.18436936478109,1972.049,-0.7925761969598599,25.80376464188418,1975.1559139088727,2,-0.015282978461193863
326,Path J 17A,0.282,13376.0,154.661,J 17A,,,,J,17,45.27722650763823,1972.1418571428571,-1.01907677633973,25.663803918556688,1975.2487710517298,3,-0.14499005595975945
327,Path J 18A,0.249,11284.0,130.312,J 18A,,,,J,18,45.370083650495374,1972.2347142857143,-0.921744428871347,25.679880670832727,1975.341628194587,4,-0.11778629224069803
328,Path J 19A,0.215,9836.0,113.33,J 19A,,,,J,19,45.462940793352516,1972.3275714285714,-1.5215320854431813,25.884117857755534,1975.4344853374441,5,0.09845127179743685
329,Path J 20A,0.24,8338.0,96.142,J 20A,,,,J,20,45.555797936209665,1972.4204285714286,-1.6475427588711198,25.981928983648857,1975.5273424803013,6,0.2091361404201848
330,Path J 21A,0.24,10942.0,126.195,J 21A,,,,J,21,45.648655079066806,1972.5132857142858,-1.3952169908094263,25.980213928439003,1975.6201996231584,7,0.22116819358295814
331,Path J 23A,0.283,10752.0,124.039,J 23A,,,,J,23,45.83436936478109,1972.699,-1.0756987896459906,26.034024399062034,1975.8059139088728,10,0.305092977822639
332,Path J 24A,0.24,10825.0,124.938,J 24A,,,,J,24,45.92722650763823,1972.7918571428572,-1.0218374695764547,25.980006419277267,1975.8987710517297,11,0.26744220334010294
333,Path J 25A,0.234,10620.0,122.315,J 25A,,,,J,25,46.02008365049537,1972.8847142857144,-1.114128548920413,25.92781085465476,1975.9916281945868,0,0.23248720963392344
334,Path J 26A,0.232,11083.0,127.84,J 26A,,,,J,26,46.112940793352514,1972.9775714285715,-1.2149865761581942,25.852775361500647,1976.084485337444,1,0.17556565303934235
335,Path J 27A,0.244,13842.0,161.882,J 27A,,,,J,27,46.20579793620966,1973.0704285714287,-1.40085720700738,25.454764003876072,1976.1773424803011,2,-0.20345840241160573
336,Path J 28A,0.283,13785.0,169.069,J 28A,,,,J,28,46.298655079066805,1973.1632857142856,-1.3277199375640705,25.346660696129533,1976.2701996231583,3,-0.29170104231221217
337,Path J 29A,0.201,10882.0,127.24,J 29A,,,,J,29,46.391512221923946,1973.2561428571428,-1.3714185706650182,25.420819442076173,1976.3630567660155,4,-0.19680826290554165
338,Path J 30A,0.28,15352.0,187.071,J 30A,1.0,46.3,,J,30,46.48436936478109,1973.349,-1.5293708268323547,25.320135982069,1976.4559139088726,5,-0.27588432383858574
339,12 SPL-A4 Path I 1A,0.198,8213.0,99.041,I 1A,,44.8,,I,1,44.98436936478109,1971.849,-1.1316000653161,25.462472861390353,1974.9559139088726,11,-0.22128530754386588
340,Path I 2A,0.234,9744.0,117.44,I 2A,,,,I,2,45.08436936478109,1971.949,-0.9592543050156057,25.506770358917116,1975.0559139088728,1,-0.1729013952976075
341,Path I 3A,0.242,11042.0,133.385,I 3A,-1.0,45.0,,I,3,45.18436936478109,1972.049,-1.14789806940605,25.437887231990835,1975.1559139088727,2,-0.2377483104241307
342,Path I 4A,0.198,10023.0,120.887,I 4A,,,,I,4,45.43436936478109,1972.299,-1.5464833202292054,25.76798783908759,1975.4059139088727,5,0.10222318838111022
343,Path I 5A,0.228,9899.0,119.531,I 5A,,,45.0,I,5,45.68436936478109,1972.549,-1.2834018878547166,25.880992801827464,1975.6559139088727,8,0.22478527456246766
344,Path I 6A,0.22,11799.0,142.425,I 6A,,,,I,6,45.80936936478109,1972.674,-1.2436406390576888,25.810732623272834,1975.7809139088727,9,0.15918599462549565
345,Path I 7A,0.2,9802.0,118.203,I 7A,,,,I,7,45.93436936478109,1972.799,-1.2450180068953305,25.663265917004146,1975.9059139088727,11,0.01630174490998826
346,Path I 8A,0.208,9592.0,115.686,I 8A,,,,I,8,46.05936936478109,1972.924,-1.7226926609634456,25.53703755311138,1976.0309139088727,0,-0.1054226044977149
347,Path I 9A,0.202,8692.0,104.934,I 9A,1.0,46.0,,I,9,46.18436936478109,1973.049,-1.4603180397887459,25.576398996557682,1976.1559139088727,2,-0.061635588632643845
348,Path I 10A,0.234,11482.0,138.691,I 10A,,,,I,10,46.43436936478109,1973.299,-2.1824775472710525,25.75575401227213,1976.4059139088727,5,0.1263352457168132
349,Path I 11A,0.24,11268.0,136.079,I 11A,,,46.0,I,11,46.68436936478109,1973.549,-1.87461559512505,25.886989035437946,1976.6559139088727,8,0.2658723192469914
350,Path I 12A,0.248,13695.0,167.597,I 12A,,,,I,12,46.76770269811443,1973.6323333333332,-1.81903159779122,25.82550863761804,1976.739247242206,9,0.20708954526758916
351,Path I 13A,0.222,11203.0,135.358,I 13A,,,,I,13,46.851036031447755,1973.7156666666667,-1.6450145632886155,25.75779485285995,1976.8225805755394,10,0.1420385212080113
352,Path I 14A,0.208,9028.0,108.708,I 14A,,,,I,14,46.93436936478109,1973.799,-1.6790330792909272,25.53305532010062,1976.9059139088727,11,-0.08007311399297734
353,Path I 15A,0.212,14821.0,181.592,I 15A,,,,I,15,47.01770269811443,1973.8823333333332,-1.729534029191246,25.29206096977104,1976.989247242206,0,-0.3184744299043878
354,Path I 16A,0.226,9870.0,119.175,I 16A,,,,I,16,47.101036031447755,1973.9656666666667,-1.6349392575844206,25.373357491045116,1977.0725805755394,1,-0.23461973735413366
355,Path I 17A,0.226,9944.0,119.929,I 17A,1.0,47.0,,I,17,47.18436936478109,1974.049,-1.5624138649845767,25.33948111964486,1977.1559139088727,2,-0.26597280062020445
356,Path I 18A,0.208,9897.0,119.245,I 18A,,,,I,18,47.28436936478109,1974.1490000000001,-1.5305739833741807,25.27517320919781,1977.2559139088726,3,-0.32729876064929186
357,Path I 19A,0.218,10621.0,128.182,I 19A,,,,I,19,47.384369364781094,1974.249,-1.8384614715634577,25.39176471542237,1977.3559139088727,4,-0.20777550693196645
358,Path I 20A,0.228,9425.0,113.625,I 20A,,,,I,20,47.48436936478109,1974.349,-2.0359848030654413,25.595815224218978,1977.4559139088726,5,-0.000843453565966712
359,Path I 21A,0.232,10975.0,132.263,I 21A,,,,I,21,47.58436936478109,1974.449,-1.795127875432403,25.568940784789337,1977.5559139088728,7,-0.024886551347773178
360,Path I 22A,0.212,10399.0,129.181,I 22A,,,47.0,I,22,47.68436936478109,1974.549,-1.71567335514198,25.621782512110464,1977.6559139088727,8,0.030736314697811906
361,Path I 23A,0.2,8284.0,99.78,I 23A,,,,I,23,47.76770269811443,1974.6323333333332,-1.7283212071638578,25.70853275872806,1977.739247242206,9,0.11976582746475373
362,Path I 24A,0.234,9393.0,113.087,I 24A,,,,I,24,47.851036031447755,1974.7156666666667,-1.4144082820676802,25.626842651061295,1977.8225805755394,10,0.040320122805340475
363,Path I 25A,0.26,12909.0,155.946,I 25A,,,,I,25,47.93436936478109,1974.799,-1.242087574076839,25.426453997954802,1977.9059139088727,11,-0.15785899043397222
364,Path I 26A,0.198,10300.0,124.008,I 26A,,,,I,26,48.01770269811443,1974.8823333333332,-1.1182915350061111,25.299053387566772,1977.989247242206,0,-0.2830849240968121
365,Path I 27A,0.216,12341.0,149.126,I 27A,,,,I,27,48.101036031447755,1974.9656666666667,-1.0707595129366783,25.351048453472192,1978.0725805755394,1,-0.2289500446063748
366,Path I 28A,0.256,11865.0,143.105,I 28A,1.0,48.0,,I,28,48.18436936478109,1975.049,-1.226438460450438,25.422826293145075,1978.1559139088727,2,-0.155067254488646
367,Path I 29A,0.202,10084.0,121.554,I 29A,,,,I,29,48.30936936478109,1975.174,-1.0304478771172076,25.699683574591266,1978.2809139088727,3,0.12488208423289748
368,Path I 30A,0.2,9076.0,109.255,I 30A,,,,I,30,48.43436936478109,1975.299,-1.0488818706614014,25.916519331749928,1978.4059139088727,5,0.3447314566006163
369,Path I 31A,0.262,12039.0,147.021,I 31A,,,,I,31,48.55936936478109,1975.424,-1.0708517278407064,25.817052939724725,1978.5309139088727,6,0.2482002377181729
370,Path I 32A,0.202,9272.0,111.666,I 32A,,,48.0,I,32,48.68436936478109,1975.549,-1.433514945401862,25.60094086075272,1978.6559139088727,8,0.03494488982081023
371,Path I 33A,0.258,11728.0,141.228,I 33A,,,,I,33,48.93436936478109,1975.799,-1.5323267539616563,25.49818196332143,1978.9059139088727,11,-0.06233587166190091
372,Path I 34A,0.214,10084.0,121.548,I 34A,1.0,49.0,,I,34,49.18436936478109,1976.049,-1.724998542757442,25.424552965663214,1979.1559139088727,2,-0.13080050164036194
373,Path I 35A,0.26,12126.0,146.226,I 35A,,,,I,35,49.26770269811443,1976.1323333333332,-1.7051156397189744,25.549271079479205,1979.239247242206,3,-0.00443065821085753
374,Path I 36A,0.216,9144.0,110.221,I 36A,,,,I,36,49.351036031447755,1976.2156666666667,-1.9748542905695143,25.741650199419983,1979.3225805755394,4,0.1895653281996239
375,Path I 37A,0.272,11939.0,145.707,I 37A,,,,I,37,49.43436936478109,1976.299,-2.0238023791662973,25.901118186040055,1979.4059139088727,5,0.3506153181474083
376,Path I 38A,0.204,9021.0,108.417,I 38A,,,,I,38,49.51770269811443,1976.3823333333332,-1.431621535628894,26.011017922395304,1979.489247242206,6,0.4620621946920167
377,Path I 39A,0.242,12005.0,144.808,I 39A,,,,I,39,49.601036031447755,1976.4656666666667,-1.4150704370163196,25.738400658024705,1979.5725805755394,7,0.19095720736878619
378,Path I 40A,0.202,9160.0,110.244,I 40A,,,49.0,I,40,49.68436936478109,1976.549,-1.431268486464299,25.581011568692,1979.6559139088727,8,0.03504553194327542
379,Path I 41A,0.206,8930.0,107.349,I 41A,,,,I,41,49.80936936478109,1976.674,-1.4807789281257373,25.44699710451953,1979.7809139088727,9,-0.09681817975667784
380,Path I 42A,0.22,9671.0,116.503,I 42A,,,,I,42,49.93436936478109,1976.799,-1.5100607499674263,25.346072339707995,1979.9059139088727,11,-0.19567063416563002
381,Path I 43A,0.214,10215.0,123.087,I 43A,,,,I,43,50.05936936478109,1976.924,-1.7180932453126294,25.410807987428107,1980.0309139088727,0,-0.12894111810923192
382,Path I 44A,0.208,9698.0,116.854,I 44A,1.0,50.0,,I,44,50.18436936478109,1977.049,-1.9288654042118605,25.488283415769228,1980.1559139088727,2,-0.04955026349812286
383,Path I 45A,0.23,9416.0,113.385,I 45A,,,,I,45,50.30936936478109,1977.174,-2.384266034491497,25.754026538560325,1980.2809139088727,3,0.2180298434930279
384,Path I 46A,0.268,10955.0,131.824,I 46A,,,,I,46,50.43436936478109,1977.299,-2.2495827301033016,25.808273759885253,1980.4059139088727,5,0.27403560695353235
385,Path I 47A,0.252,10909.0,131.406,I 47A,,,,I,47,50.55936936478109,1977.424,-1.800783739852589,25.75647518672855,1980.5309139088727,6,0.22391713386429046
386,Path I 48A,0.24,10477.0,126.25,I 48A,,,50.0,I,48,50.68436936478109,1977.549,-1.5137262542130598,25.657626815474146,1980.6559139088727,8,0.12667042061286793
387,Path I 49A,0.262,10739.0,129.433,I 49A,,,,I,49,50.851036031447755,1977.7156666666667,-1.355486624585172,25.296435987980818,1980.8225805755394,10,-0.23250688387436114
388,Path I 50A,0.206,8690.0,104.657,I 50A,,,,I,50,51.01770269811443,1977.8823333333332,-1.8347002644397894,25.278173278912636,1980.989247242206,0,-0.24889552249895175
389,Path I 51A,0.228,10943.0,133.41,I 51A,1.0,51.0,,I,51,51.18436936478109,1978.049,-1.470984875332863,25.46561694566819,1981.1559139088727,2,-0.05971723786231209
390,Path I 52A,0.216,10010.0,120.592,I 52A,,,,I,52,51.28436936478109,1978.1490000000001,-0.9600604852850865,25.48165443945418,1981.2559139088726,3,-0.04270591057884232
391,Path I 53A,0.23,11521.0,140.66,I 53A,,,,I,53,51.384369364781094,1978.249,-1.4136370069979294,25.50710986473676,1981.3559139088727,4,-0.01632685472215556
392,Path I 54A,0.222,10427.0,125.43,I 54A,,,,I,54,51.48436936478109,1978.349,-1.8203182019256974,25.765948400588705,1981.4559139088726,5,0.24338510878052233
393,Path I 55A,0.246,11334.0,136.56,I 55A,,,,I,55,51.58436936478109,1978.449,-1.3154459305129877,25.8377704060629,1981.5559139088728,7,0.316030338983893
394,Path I 56A,0.224,9736.0,117.21,I 56A,,,51.0,I,56,51.68436936478109,1978.549,-1.4420506797472759,25.756478091055623,1981.6559139088727,8,0.23551104578059423
395,Path I 57A,0.208,5191.0,59.562,I 57A,,,,I,57,51.851036031447755,1978.7156666666667,-1.5411904851620117,25.25652973283574,1981.8225805755394,10,-0.26326050481369023
396,Path I 58A,0.216,9437.0,108.588,I 58A,,,,I,58,52.01770269811443,1978.8823333333332,-1.4324807483790736,25.26279897319087,1981.989247242206,0,-0.25595390939729157
397,Path I 59A,0.26,10736.0,123.346,I 59A,1.0,52.0,,I,59,52.18436936478109,1979.049,-1.5915266601150995,25.34057545005525,1982.1559139088727,2,-0.17727953003596397
398,Path I 60A,0.274,10910.0,125.543,I 60A,,,,I,60,52.30936936478109,1979.174,-1.689712262772221,25.41610257567799,1982.2809139088727,3,-0.10117049328483319
399,Path I 61A,0.228,9207.0,106.001,I 61A,,,,I,61,52.43436936478109,1979.299,-1.9803414337945058,25.653618343370535,1982.4059139088727,5,0.13684874346798992
400,Path I 62A,0.208,8658.0,99.369,I 62A,,,,I,62,52.55936936478109,1979.424,-1.638206623600016,25.870994405513557,1982.5309139088727,6,0.3546498326031724
401,Path I 63A,0.236,10218.0,117.332,I 63A,,,52.0,I,63,52.68436936478109,1979.549,-1.6680974406113243,25.981176162042292,1982.6559139088727,8,0.4651781740595915
402,Path I 64A,0.222,10109.0,116.255,I 64A,,,,I,64,52.851036031447755,1979.7156666666667,-1.4369191061936435,25.821162762828184,1982.8225805755394,10,0.3055048670887608
403,Path I 65A,0.208,9735.0,111.919,I 65A,,,,I,65,53.01770269811443,1979.8823333333332,-1.1693557035996704,25.624812626588085,1982.989247242206,0,0.10935537052579392
404,Path I 66A,0.254,11385.0,131.036,I 66A,1.0,53.0,,I,66,53.18436936478109,1980.049,-0.9638619950573131,25.473515813957615,1983.1559139088727,2,-0.04188025499005121
405,Path I 67A,0.218,10203.0,117.533,I 67A,,,,I,67,53.43436936478109,1980.299,-1.287564924859744,25.5361665554378,1983.4059139088727,5,0.020600793603502865
406,Path I 68A,0.216,9359.0,107.518,I 68A,,,53.0,I,68,53.68436936478109,1980.549,-1.5289684460252462,25.904723958172934,1983.6559139088727,8,0.38867473518318363
407,Path I 69A,0.216,8878.0,101.978,I 69A,,,,I,69,53.80936936478109,1980.674,-1.546556873199315,25.78329454409306,1983.7809139088727,9,0.2668859274270474
408,Path I 70A,0.214,9504.0,109.525,I 70A,,,,I,70,53.93436936478109,1980.799,-1.6128373156668219,25.518823616708143,1983.9059139088727,11,0.00197716429593342
409,Path I 71A,0.266,11707.0,134.882,I 71A,,,,I,71,54.05936936478109,1980.924,-1.010384363220326,25.429281610731145,1984.0309139088727,0,-0.08808111949173991
410,Path I 72A,0.218,9487.0,109.059,I 72A,1.0,54.0,,I,72,54.18436936478109,1981.049,-1.6694416090467428,25.406578686317907,1984.1559139088727,2,-0.11137876378558786
411,Path I 73A,0.198,8472.0,97.477,I 73A,,,,I,73,54.295480475892205,1981.160111111111,-1.2281799524066368,25.615523587123903,1984.2670250199837,3,0.09697164452802554
412,Path I 74A,0.212,10669.0,122.829,I 74A,,,,I,74,54.40659158700331,1981.2712222222221,-1.8809008988252733,25.67042868860495,1984.3781361310948,5,0.1512202745996163
413,Path I 75A,0.208,9689.0,111.261,I 75A,,,,I,75,54.51770269811443,1981.3823333333332,-1.3526417362386676,25.60461703777975,1984.489247242206,6,0.08469017344788554
414,Path I 76A,0.216,11153.0,128.412,I 76A,,,,I,76,54.628813809225534,1981.4934444444443,-1.2012744337903467,25.454083061676776,1984.600358353317,7,-0.06662423189869315
415,Path I 77A,0.212,10959.0,126.092,I 77A,,,,I,77,54.73992492033665,1981.6045555555556,-1.6247104810239352,25.295639301020557,1984.7114694644283,9,-0.2259104007174102
416,Path I 78A,0.248,12118.0,139.597,I 78A,,,,I,78,54.851036031447755,1981.7156666666667,-1.7056689291431453,25.242721560449546,1984.8225805755394,10,-0.2797325283661749
417,Path I 79A,0.218,10580.0,121.897,I 79A,,,,I,79,54.96214714255887,1981.8267777777778,-1.6062898028841608,25.302288807923535,1984.9336916866505,11,-0.22113164688883202
418,Path I 80A,0.238,11842.0,136.394,I 80A,,,,I,80,55.07325825366998,1981.937888888889,-1.5567960882221556,25.353332356191068,1985.0448027977616,1,-0.17111644353501987
419,Path I 81A,0.232,11074.0,127.796,I 81A,1.0,55.0,,I,81,55.18436936478109,1982.049,-1.616555597796511,25.529044444415977,1985.1559139088727,2,0.0035053208609134856
420,Path I 82A,0.24,13925.0,160.993,I 82A,,,,I,82,55.30936936478109,1982.174,-1.5854465103896578,25.4821128223853,1985.2809139088727,3,-0.044726999654319144
421,Path I 83A,0.27,13476.0,155.633,I 83A,,,,I,83,55.43436936478109,1982.299,-1.3200626587355158,25.329849169287908,1985.4059139088727,5,-0.19836979330074556
422,Path I 84A,0.212,10022.0,115.597,I 84A,,,,I,84,55.55936936478109,1982.424,-1.394028075406798,25.36626642627819,1985.5309139088727,6,-0.16341011892943058
423,Path I 85A,0.196,7797.0,89.697,I 85A,,,,I,85,55.68436936478109,1982.549,-1.508254055811002,25.243846736816415,1985.6559139088727,8,-0.28736583307647123
424,Path I 86A,0.246,14610.0,169.094,I 86A,,,,I,86,55.80936936478109,1982.674,-1.555874957568443,25.32863556116919,1985.7809139088727,9,-0.20419147547707794
425,Path I 87A,0.278,13255.0,153.415,I 87A,,,,I,87,55.93436936478109,1982.799,-1.2774298907831438,25.580252037088403,1985.9059139088727,11,0.04573209162245817
426,Path I 88A,0.244,13066.0,151.045,I 88A,,,,I,88,56.05936936478109,1982.924,-0.952424699152703,25.816052949869523,1986.0309139088727,0,0.2797616535176033
427,Path I 89A,0.304,14621.0,169.429,I 89A,1.0,56.0,,I,89,56.18436936478109,1983.049,-0.8097457871968301,25.748964396625304,1986.1559139088727,2,0.21082330731929488
428,Path I 90A,0.302,14282.0,165.411,I 90A,,,,I,90,56.43436936478109,1983.299,-1.1179852043254734,25.55836552902966,1986.4059139088727,5,0.01628952761476299
429,Path I 91A,0.194,8942.0,103.099,I 91A,,,,I,91,56.68436936478109,1983.549,-1.0889245505874,25.537728883103412,1986.6559139088727,8,-0.008595798687380807
430,Path I 92A,0.31,14344.0,166.112,I 92A,,,,I,92,56.93436936478109,1983.799,-1.0573336135743505,25.59769392323688,1986.9059139088727,11,0.046806792799547026
431,Path I 93A,0.25,13115.0,153.295,I 93A,1.0,57.0,,I,93,57.18436936478109,1984.049,-1.0866895230390996,25.788945463229755,1987.1559139088727,2,0.23318211587706017
432,Path I 94A,0.304,14971.0,175.481,I 94A,,,,I,94,57.32722650763824,1984.191857142857,-1.3723507752297546,25.703426050394885,1987.2987710517298,4,0.14473541782692578
433,Path I 95A,0.298,14250.0,164.987,I 95A,,,,I,95,57.470083650495376,1984.3347142857144,-1.1058732273173977,25.322816391360814,1987.4416281945869,5,-0.23890398136436275
434,Path I 96A,0.272,12636.0,146.142,I 96A,,,,I,96,57.61294079335252,1984.4775714285715,-1.0409812531011593,25.328361152335617,1987.584485337444,7,-0.23649141549418573
435,Path I 97A,0.6,11655.0,134.617,I 97A,,,,I,97,57.75579793620966,1984.6204285714286,-1.4191741784632343,25.27612552802937,1987.727342480301,9,-0.2919616898506483
436,Path I 98A,0.22,10850.0,125.413,I 98A,,,,I,98,57.898655079066806,1984.7632857142858,-1.64332452531393,25.373032506860827,1987.8701996231584,10,-0.19839181601318145
437,Path I 99A,0.282,13420.0,155.27,I 99A,,,,I,99,58.041512221923945,1984.9061428571429,-1.5469479336426826,25.36412603737629,1988.0130567660156,0,-0.210737845437297
438,Path I 100A,0.236,10628.0,122.717,I 100A,1.0,58.0,,I,100,58.18436936478109,1985.049,-1.31038544034203,25.555378178264426,1988.1559139088727,2,-0.023027719432512583
439,Path I 101A,0.278,14147.0,165.55,I 101A,,,,I,101,58.43436936478109,1985.299,-1.1390073764212196,25.438190984542747,1988.4059139088727,5,-0.14665997141186082
440,Path I 102A,0.286,15905.0,186.297,I 102A,,,,I,102,58.68436936478109,1985.549,-1.1736744264517804,25.399911553154098,1988.6559139088727,8,-0.19169822932700242
441,Path I 103A,0.234,13082.0,151.503,I 103A,,,,I,103,58.93436936478109,1985.799,-1.1325196174706276,25.456546832375604,1988.9059139088727,11,-0.14213554489899494
442,Path I 104A,0.288,13610.0,157.647,I 104A,1.0,59.0,,I,104,59.18436936478109,1986.049,-1.2792672892946924,25.358997296217066,1989.1559139088727,2,-0.24707144412167636
443,Path I 105A,0.294,15402.0,180.158,I 105A,,,,I,105,59.43436936478109,1986.299,-1.346575054675631,25.44332613525137,1989.4059139088727,5,-0.1704427364185186
444,Path I 106A,0.294,12593.0,145.2,I 106A,,,,I,106,59.68436936478109,1986.549,-1.0556815614187731,25.6817632756698,1989.6559139088727,8,0.059980504399938184
445,Path I 107A,0.294,14598.0,169.21,I 107A,,,,I,107,59.93436936478109,1986.799,-0.7030614685461607,25.65378489150566,1989.9059139088727,11,0.023674452366996945
446,Path I 108A,0.27,12044.0,138.942,I 108A,1.0,60.0,,I,108,60.18436936478109,1987.049,-0.7493898340673462,25.71298479167981,1990.1559139088727,2,0.07423291640352403
447,Path I 109A,0.326,14515.0,169.905,I 109A,,,,I,109,60.384369364781094,1987.249,-1.1173531172403512,25.5569046525131,1990.3559139088727,4,-0.08898628482829096
448,Path I 110A,0.298,12680.0,146.527,I 110A,,,,I,110,60.58436936478109,1987.449,-1.425758149485147,25.436035172662613,1990.5559139088728,7,-0.21719563843193157
449,Path I 111A,0.21,10481.0,120.876,I 111A,,,,I,111,60.78436936478109,1987.6490000000001,-1.4966670061610865,25.670016274160915,1990.7559139088726,9,0.009244777617894329
450,Path I 112A,0.28,13129.0,151.702,I 112A,,,,I,112,60.98436936478109,1987.849,-1.2343845998904157,25.836319043721225,1990.9559139088726,11,0.16780605003986437
451,Path I 113A,0.274,12995.0,150.041,I 113A,1.0,61.0,,I,113,61.18436936478109,1988.049,-1.0795975553357737,25.444092977747246,1991.1559139088727,2,-0.2323623247659583
452,Path I 114A,0.278,13130.0,152.015,I 114A,,,,I,114,61.351036031447755,1988.2156666666667,-1.0463656920404383,25.6070262271595,1991.3225805755394,4,-0.07620106386560366
453,Path I 115A,0.234,11354.0,131.204,I 115A,,,,I,115,61.51770269811443,1988.3823333333332,-1.382663721440355,25.88993592592261,1991.489247242206,6,0.19979719381946026
454,Path I 116A,0.23,10308.0,118.651,I 116A,,,,I,116,61.68436936478109,1988.549,-1.1951274524461661,25.913287216317077,1991.6559139088727,8,0.21609759057519184
455,Path I 117A,0.22,11049.0,127.265,I 117A,,,,I,117,61.851036031447755,1988.7156666666667,-0.6968671831457443,25.843343509263942,1991.8225805755394,10,0.1389635373171778
456,Path I 118A,0.222,10744.0,123.915,I 118A,,,,I,118,62.01770269811443,1988.8823333333332,-1.0990225408524699,25.726356613960938,1991.989247242206,0,0.014646843246787
457,Path I 119A,0.268,12888.0,150.352,I 119A,1.0,62.0,,I,119,62.18436936478109,1989.049,-1.0888876595338557,25.746301729596727,1992.1559139088727,2,0.027122707550862657
458,Path I 120A,0.274,13131.0,151.796,I 120A,,,,I,120,62.417702698114425,1989.2823333333333,-1.2288302686113852,26.04104786311266,1992.389247242206,5,0.3111776088933098
459,Path I 121A,0.238,12079.0,139.557,I 121A,,,,I,121,62.65103603144776,1989.5156666666667,-1.5694678214091302,25.91165298151915,1992.6225805755394,7,0.17081816810511086
460,Path I 122A,0.302,11188.0,129.156,I 122A,,62.7,,I,122,62.884369364781094,1989.749,-1.545975043491485,25.896924538048385,1992.8559139088727,10,0.14485183841117433
461,12 SPL A4 Path H 1A,0.23,12325.0,156.808,H 1A,,60.3,,H,1,60.48436936478109,1987.349,-1.4905046538644569,25.454110568148177,1990.4559139088726,5,-0.14247179809227717
462,12 SPL A4 Path H 2A,0.226,12115.0,147.048,H 2A,,,,H,2,60.601036031447755,1987.4656666666667,-1.673056070118096,25.56444569384453,1990.5725805755394,7,-0.03135358594622417
463,12 SPL A4 Path H 3A,0.228,11458.0,145.164,H 3A,,,,H,3,60.71770269811442,1987.5823333333333,-1.8017107878615881,25.646424219822958,1990.689247242206,8,0.0514132272537573
464,12 SPL A4 Path H 4A,0.252,14114.0,175.803,H 4A,,,,H,4,60.83436936478109,1987.699,-1.538369985598171,25.70489917053745,1990.8059139088728,10,0.1106816659617671
465,12 SPL A4 Path H 5A,0.254,13381.0,169.844,H 5A,,,,H,5,60.95103603144776,1987.8156666666666,-1.5354934565985618,25.3613762933344,1990.9225805755393,11,-0.23204252247591128
466,12 SPL A4 Path H 6A,0.276,14655.0,185.496,H 6A,,,,H,6,61.067702698114424,1987.9323333333334,-1.6674077871879467,25.35349521292751,1991.0392472422059,0,-0.23911971334546323
467,12 SPL A4 Path H 7A,0.266,13481.0,166.427,H 7A,-1.0,61.0,,H,7,61.18436936478109,1988.049,-1.297031444112958,25.275153882495662,1991.1559139088727,2,-0.3166519534682344
468,12 SPL A4 Path H 8A,0.24,12374.0,157.021,H 8A,,,,H,8,61.351036031447755,1988.2156666666667,-1.537051733887817,25.412003487449216,1991.3225805755394,4,-0.17863748346867325
469,12 SPL A4 Path H 9A,0.226,12500.0,152.385,H 9A,,,,H,9,61.51770269811443,1988.3823333333332,-1.8392570346077362,25.5698960965485,1991.489247242206,6,-0.019569395503385323
470,12 SPL A4 Path H 10A,0.248,13153.0,166.976,H 10A,,,61.0,H,10,61.68436936478109,1988.549,-1.1432846085063124,25.82623850345532,1991.6559139088727,8,0.2379591040897715
471,12 SPL A4 Path H 11A,0.254,13658.0,166.957,H 11A,,,,H,11,61.93436936478109,1988.799,-0.7618136938147586,25.79345767827331,1991.9059139088727,11,0.2069773188499333
472,12 SPL A4 Path H 12A,0.242,7455.0,95.178,H 12A,1.0,62.0,,H,12,62.18436936478109,1989.049,-1.0424972886405692,25.5760311074684,1992.1559139088727,2,-0.008626330917362424
473,21 SPL A4 Path H 13A,0.266,12031.0,148.473,H 13A,,,,H,13,62.43436936478109,1989.299,-1.0840577302204246,25.576327101285447,1992.4059139088727,5,-0.006483534967369309
474,22 SPL A4 Path H 14A,0.256,14165.0,177.92,H 14A,,,62.0,H,14,62.68436936478109,1989.549,-1.071648181114414,25.862080218341443,1992.6559139088727,8,0.2811402653169033
475,23 SPL A4 Path H 15A,0.284,15244.0,192.486,H 15A,,,,H,15,62.80936936478109,1989.674,-1.2564033999025581,25.882073522559825,1992.7809139088727,9,0.3020778665603423
476,24 SPL A4 Path H 16A,0.25,13394.0,166.986,H 16A,,,,H,16,62.93436936478109,1989.799,-1.956735073348806,25.845823100979306,1992.9059139088727,11,0.2667777122785999
477,25 SPL A4 Path H 17A,0.314,17109.0,218.132,H 17A,,,,H,17,63.05936936478109,1989.924,-1.610562778681352,25.619220231789942,1993.0309139088727,0,0.04113108066184523
478,26 SPL A4 Path H 18A,0.27,14168.0,172.403,H 18A,1.0,63.0,,H,18,63.18436936478109,1990.049,-1.7283601798925647,25.419908580599536,1993.1559139088727,2,-0.15721836268200562
479,27 SPL A4 Path H 19A,0.256,13610.0,172.738,H 19A,,,,H,19,63.30936936478109,1990.174,-1.1408841008541561,25.496922349358567,1993.2809139088727,3,-0.07923641580270058
480,28 SPL A4 Path H 20A,0.232,12696.0,153.8,H 20A,,,,H,20,63.43436936478109,1990.299,-1.9198852282035619,25.611908106385695,1993.4059139088727,5,0.036723489618534444
481,29 SPL A4 Path H 21A,0.23,11967.0,151.984,H 21A,,,,H,21,63.55936936478109,1990.424,-1.6063984734121513,25.794729863619427,1993.5309139088727,6,0.22052536552043378
482,30 SPL A4 Path H 22A,0.308,17679.0,213.082,H 22A,,,63.0,H,22,63.68436936478109,1990.549,-1.464487190799958,25.93831528813477,1993.6559139088727,8,0.3650968789775497
483,31 SPL A4 Path H 23A,0.224,11776.0,147.623,H 23A,,,,H,23,63.93436936478109,1990.799,-1.554172383154732,25.840426114378072,1993.9059139088727,11,0.26919779392600773
484,32 SPL A4 Path H 24A,0.278,16012.0,203.151,H 24A,1.0,64.0,,H,24,64.18436936478109,1991.049,-1.7266303838003387,25.553695825681036,1994.1559139088727,2,-0.015518524970314473
485,33 SPL A4 Path H 25A,0.242,13652.0,168.474,H 25A,,,,H,25,64.28436936478109,1991.1490000000001,-2.0218968548259024,25.267141957139845,1994.2559139088726,3,-0.3012601188844677
486,34 SPL A4 Path H 26A,0.236,12313.0,156.424,H 26A,,,,H,26,64.3843693647811,1991.249,-1.6864602267908224,25.279772170131178,1994.3559139088727,4,-0.2878138102909311
487,35 SPL A4 Path H 27A,0.24,12903.0,157.03,H 27A,,,,H,27,64.48436936478109,1991.349,-1.907748195022389,25.386520085991794,1994.4559139088726,5,-0.1802459778529446
488,36 SPL A4 Path H 28A,0.238,12547.0,159.626,H 28A,,,,H,28,64.5843693647811,1991.449,-2.0979688440961057,25.58705981748935,1994.5559139088728,7,0.021117491197490068
489,37 SPL A4 Path H 29A,0.236,13339.0,161.633,H 29A,,,64.0,H,29,64.68436936478109,1991.549,-1.9230508960956978,25.65996446678491,1994.6559139088727,8,0.09484969902097973
490,38 SPL A4 Path H 30A,0.248,12928.0,163.901,H 30A,,,,H,30,64.85103603144776,1991.7156666666667,-1.7094404721680532,25.579101798292275,1994.8225805755394,10,0.0153747857977784
491,39 SPL A4 Path H 31A,0.244,13124.0,160.717,H 31A,,,,H,31,65.01770269811442,1991.8823333333332,-1.8559628652718712,25.54485570570468,1994.989247242206,0,-0.017472937700159008
492,40 SPL A4 Path H 32A,0.244,11840.0,149.662,H 32A,1.0,65.0,,H,32,65.18436936478109,1992.049,-1.490378218564763,25.290689637442735,1995.1559139088727,2,-0.27023002305233845
493,40 SPL A4 Path H 33A,0.274,13820.0,174.658,H 33A,,,,H,33,65.30936936478109,1992.174,-1.7228383322621093,25.234418468508483,1995.2809139088727,3,-0.3254374894846528
494,41 SPL A4 Path H 34A,0.24,12953.0,159.03,H 34A,,,,H,34,65.43436936478109,1992.299,-1.9318416755084782,25.463158471863647,1995.4059139088727,5,-0.09562781335383264
495,42 SPL A4 Path H 35A,0.264,13142.0,167.089,H 35A,,,,H,35,65.55936936478109,1992.424,-1.787071746180099,25.601936447131916,1995.5309139088727,6,0.0442258049639257
496,43 SPL A4 Path H 36A,0.284,13483.0,163.94,H 36A,,,65.0,H,36,65.68436936478109,1992.549,-1.7528823314545088,25.547255019824323,1995.6559139088727,8,-0.009374009020231
497,44 SPL A4 Path H 37A,0.25,12003.0,152.788,H 37A,,,,H,37,65.85103603144776,1992.7156666666667,-1.7872374721306934,25.468310920526623,1995.8225805755394,10,-0.08686667012750249
498,45 SPL A4 Path H 38A,0.252,13384.0,161.657,H 38A,,,,H,38,66.01770269811442,1992.8823333333332,-1.4891080727154478,25.317397198759412,1995.989247242206,0,-0.23631833988406115
499,46 SPL A4 Path H 39A,0.23,11774.0,149.689,H 39A,1.0,66.0,,H,39,66.18436936478109,1993.049,-1.545381603741952,25.357936100295202,1996.1559139088727,2,-0.1943067725173968
500,47 SPL A4 Path H 40A,0.258,15144.0,185.519,H 40A,,,,H,40,66.43436936478109,1993.299,-1.9807532467540019,25.485756423660856,1996.4059139088727,5,-0.06425754949271223
501,48 SPL A4 Path H 41A,0.226,12009.0,152.071,H 41A,,,66.0,H,41,66.68436936478109,1993.549,-1.676673580495593,25.665152689535045,1996.6559139088727,8,0.11739149713595154
502,49 SPL A4 Path H 42A,0.222,12284.0,151.847,H 42A,,,,H,42,66.85103603144776,1993.7156666666667,-1.4925248481649442,25.712775350384444,1996.8225805755394,10,0.16652927909688842
503,49 SPL A4 Path H 43A,0.232,12754.0,161.336,H 43A,,,,H,43,67.01770269811442,1993.8823333333332,-1.4372565029573212,25.65285816489583,1996.989247242206,0,0.10813782853992038
504,50 SPL A4 Path H 44A,0.24,12608.0,154.325,H 44A,1.0,67.0,,H,44,67.18436936478109,1994.049,-1.4061713015160482,25.52250964268556,1997.1559139088727,2,-0.02067434491859288
505,51 SPL A4 Path H 45A,0.236,12180.0,154.971,H 45A,,,,H,45,67.30936936478109,1994.174,-1.442818396828118,25.608743814868024,1997.2809139088727,3,0.06671905414735946
506,52 SPL A4 Path H 46A,0.248,14921.0,182.525,H 46A,,,,H,46,67.43436936478109,1994.299,-1.9615063688017957,25.664369090009455,1997.4059139088727,5,0.12350952644599644
507,53 SPL A4 Path H 47A,0.212,10989.0,139.714,H 47A,,,,H,47,67.55936936478109,1994.424,-2.330216133434405,25.78640430243099,1997.5309139088727,6,0.2467159062985722
508,54 SPL A4 Path H 48A,0.234,14418.0,174.162,H 48A,,,67.0,H,48,67.68436936478109,1994.549,-2.0531613828276973,25.971083371861088,1997.6559139088727,8,0.432572113433654
509,55 SPL A4 Path H 49A,0.254,13675.0,172.957,H 49A,,,,H,49,67.80936936478109,1994.674,-1.734014003811944,25.9865583598656,1997.7809139088727,9,0.4492302094168714
510,56 SPL A4 Path H 50A,0.248,13809.0,168.695,H 50A,,,,H,50,67.93436936478109,1994.799,-1.6035184183284867,25.8184657254219,1997.9059139088727,11,0.2823266532257058
511,57 SPL A4 Path H 51A,0.264,12613.0,159.559,H 51A,,,,H,51,68.05936936478109,1994.924,-1.5022515510312355,25.490825562805778,1998.0309139088727,0,-0.044118460864044806
512,57 SPL A4 Path H 52A,0.254,13957.0,173.425,H 52A,1.0,68.0,,H,52,68.18436936478109,1995.049,-1.615005392727767,25.55858707450214,1998.1559139088727,2,0.024844069632745658
513,12 SPL A4 Path H 53A,0.212,11454.0,145.484,H 53A,,,,H,53,68.35103603144776,1995.2156666666667,-1.4156239772786203,25.58260863894591,1998.3225805755394,4,0.05047627956937717
514,12 SPL A4 Path H 54A,0.246,14726.0,180.037,H 54A,,,,H,54,68.51770269811442,1995.3823333333332,-1.9237399936653443,25.54277835836947,1998.489247242206,6,0.012267258306135176
515,12 SPL A4 Path H 55A,0.304,15545.0,196.219,H 55A,,,68.0,H,55,68.68436936478109,1995.549,-1.722433084458907,25.6460346253121,1998.6559139088727,8,0.11715539838218447
516,12 SPL A4 Path H 56A,0.268,13823.0,170.726,H 56A,,,,H,56,68.85103603144776,1995.7156666666667,-1.5863083576444572,25.481465493425635,1998.8225805755394,10,-0.04577124655063969
517,12 SPL A4 Path H 57A,0.222,11897.0,149.193,H 57A,,,,H,57,69.01770269811442,1995.8823333333332,-1.5189611596425725,25.365237934523687,1998.989247242206,0,-0.16034570467906306
518,12 SPL A4 Path H 58A,0.25,12932.0,162.941,H 58A,1.0,69.0,,H,58,69.18436936478109,1996.049,-1.6734865042359786,25.4277607477031,1999.1559139088727,2,-0.09615917690567599
519,12 SPL A4 Path H 59A,0.264,14677.0,180.739,H 59A,,,,H,59,69.30936936478109,1996.174,-1.64012194131616,25.432260931845402,1999.2809139088727,3,-0.09040424149856463
520,12 SPL A4 Path H 60A,0.242,13436.0,172.325,H 60A,,,,H,60,69.43436936478109,1996.299,-1.9938667533553203,25.39908610164864,1999.4059139088727,5,-0.12231835015645842
521,12 SPL A4 Path H 61A,0.238,11335.0,137.703,H 61A,,,,H,61,69.55936936478109,1996.424,-1.9965060272706432,25.570680676186083,1999.5309139088727,6,0.05054291619346074
522,12 SPL A4 Path H 62A,0.24,11824.0,150.43,H 62A,,,69.0,H,62,69.68436936478109,1996.549,-1.5063435715773041,25.62594821045592,1999.6559139088727,8,0.10708311254972003
523,12 SPL A4 Path H 63A,0.286,16081.0,195.679,H 63A,,,,H,63,69.85103603144776,1996.7156666666667,-1.644869309770204,25.650876378478376,1999.8225805755394,10,0.13371745044669936
524,12 SPL A4 Path H 64A,0.222,11384.0,144.583,H 64A,,,,H,64,70.01770269811442,1996.8823333333332,-1.399656357497758,25.349054815615805,1999.989247242206,0,-0.16638732872112527
525,12 SPL A4 Path H 65A,0.258,17056.0,208.034,H 65A,1.0,70.0,,H,65,70.18436936478109,1997.049,-1.5750989364329508,25.470203026698176,2000.1559139088727,2,-0.043511720123785125
526,12 SPL A4 Path H 66A,0.24,13663.0,172.2,H 66A,,,,H,66,70.30936936478109,1997.174,-2.0373443772086217,25.306841882823345,2000.2809139088727,3,-0.20557035054303086
527,12 SPL A4 Path H 67A,0.248,13582.0,170.231,H 67A,,,,H,67,70.43436936478109,1997.299,-2.2686564986828506,25.482824908737708,2000.4059139088727,5,-0.028278840899250923
528,12 SPL A4 Path H 68A,0.25,14261.0,176.891,H 68A,,,,H,68,70.55936936478109,1997.424,-2.311543503456905,25.6425993328328,2000.5309139088727,6,0.13281003719920292
529,12 SPL A4 Path H 69A,0.254,13419.0,169.817,H 69A,,,70.0,H,69,70.68436936478109,1997.549,-1.642564510113832,25.565265067457286,2000.6559139088727,8,0.05679619610088693
530,12 SPL A4 Path H 70A,0.242,13433.0,163.215,H 70A,,,,H,70,70.80936936478109,1997.674,-1.8414827492360129,25.421908499088556,2000.7809139088727,9,-0.08523397771681474
531,12 SPL A4 Path H 71A,0.232,12830.0,163.132,H 71A,,,,H,71,70.93436936478109,1997.799,-1.9997419649807373,25.329522164026603,2000.9059139088727,11,-0.1762879479539059
532,12 SPL A4 Path H 72A,0.244,14676.0,177.412,H 72A,,,,H,72,71.05936936478109,1997.924,-2.1549851195425247,25.22645995925542,2001.0309139088727,0,-0.27801181762628246
533,12 SPL A4 Path H 73A,0.256,13030.0,165.059,H 73A,1.0,71.0,,H,73,71.18436936478109,1998.049,-2.156308408515815,25.216765671691125,2001.1559139088727,2,-0.28636179981804943
534,12 SPL A4 Path H 74A,0.266,16137.0,199.007,H 74A,,,,H,74,71.35103603144776,1998.2156666666667,-2.7885866596965494,25.469981521391386,2001.3225805755394,4,-0.03134425586171474
535,12 SPL A4 Path H 75A,0.234,12033.0,152.156,H 75A,,,,H,75,71.51770269811442,1998.3823333333332,-2.596535721135033,25.526902994622372,2001.489247242206,6,0.0273895254454537
536,12 SPL A4 Path H 76A,0.232,12849.0,159.28,H 76A,,,71.0,H,76,71.68436936478109,1998.549,-1.8861630196152868,25.739284929081766,2001.6559139088727,8,0.24159438180125292
537,12 SPL A4 Path H 77A,0.242,11704.0,147.481,H 77A,,,,H,77,71.93436936478109,1998.799,-1.8060589532279532,25.541614965452798,2001.9059139088727,11,0.04667870192972501
538,12 SPL A4 Path H 78A,0.274,14766.0,184.243,H 78A,1.0,72.0,,H,78,72.18436936478109,1999.049,-1.9103879726640056,25.413417789032007,2002.1559139088727,2,-0.07874030963829526
539,12 SPL A4 Path H 79A,0.238,12152.0,151.325,H 79A,,,,H,79,72.51770269811442,1999.3823333333332,-2.262027712522207,25.285002537696325,2002.489247242206,6,-0.2034141927996167
540,12 SPL A4 Path H 80A,0.24,12307.0,156.525,H 80A,,,,H,80,72.85103603144776,1999.7156666666667,-2.1961496322556098,25.234751706580656,2002.8225805755394,10,-0.24988120046026197
541,12 SPL A4 Path H 81A,0.31,17582.0,213.834,H 81A,1.0,73.0,,H,81,73.18436936478109,2000.049,-2.311132462801327,25.25934418625101,2003.1559139088727,2,-0.2214624420542215
542,12 SPL A4 Path H 82A,0.248,12742.0,161.675,H 82A,,,,H,82,73.43436936478109,2000.299,-2.393580871359079,25.41129976704975,2003.4059139088727,5,-0.0666092909258289
543,12 SPL A4 Path H 83A,0.254,13101.0,160.532,H 83A,,,73.0,H,83,73.68436936478109,2000.549,-2.5583255631339186,25.62639906196532,2003.6559139088727,8,0.15141145541483425
544,12 SPL A4 Path H 84A,0.278,14160.0,179.013,H 84A,,,,H,84,73.93436936478109,2000.799,-2.1998182708519067,25.592983614278207,2003.9059139088727,11,0.12094134024826175
545,12 SPL A4 Path H 85A,0.248,14165.0,173.401,H 85A,1.0,74.0,,H,85,74.18436936478109,2001.049,-1.8582298854562227,25.69899154559621,2004.1559139088727,2,0.22991848518202218
546,12 SPL A4 Path H 86A,0.236,12778.0,160.911,H 86A,,,,H,86,74.43436936478109,2001.299,-1.4838866978191254,25.600141372046085,2004.4059139088727,5,0.13406140634321062
547,12 SPL A4 Path H 87A,0.22,12284.0,153.668,H 87A,,,,H,87,74.68436936478109,2001.549,-1.7971361975262494,25.425535893515363,2004.6559139088727,8,-0.037527096380980396
548,12 SPL A4 Path H 88A,0.232,11661.0,144.44,H 88A,,,,H,88,74.93436936478109,2001.799,-1.9443826971771188,25.337052854401723,2004.9059139088727,11,-0.12296927859264528
549,12 SPL A4 Path H 89A,0.246,12864.0,163.21,H 89A,1.0,75.0,,H,89,75.18436936478109,2002.049,-2.038719046263859,25.402719376747296,2005.1559139088727,2,-0.05423801824965224
550,12 SPL A4 Path H 90A,0.3,16637.0,202.18,H 90A,,,,H,90,75.43436936478109,2002.299,-2.2102534647501484,25.405970408174934,2005.4059139088727,5,-0.04789836772937761
551,12 SPL A4 Path H 91A,0.258,12725.0,161.42,H 91A,,,75.0,H,91,75.68436936478109,2002.549,-2.1762970234353487,25.55140579404682,2005.6559139088727,8,0.10064951833070168
552,12 SPL A4 Path H 92A,0.22,11841.0,143.445,H 92A,,,,H,92,75.85103603144776,2002.7156666666667,-1.8236014732657597,25.71276064870479,2005.8225805755394,10,0.2640926403892827
553,12 SPL A4 Path H 93A,0.246,12504.0,158.499,H 93A,,,,H,93,76.01770269811442,2002.8823333333332,-1.9648788163374555,25.374633287935,2005.989247242206,0,-0.07193583915967494
554,12 SPL A4 Path H 94A,0.234,13363.0,163.714,H 94A,1.0,76.0,,H,94,76.18436936478109,2003.049,-1.7304393101694036,25.234170010122323,2006.1559139088727,2,-0.21028962193141254
555,12 SPL A4 Path H 95A,0.224,11782.0,148.613,H 95A,,,,H,95,76.43436936478109,2003.299,-1.7062047863211063,25.142202672930527,2006.4059139088727,5,-0.2990728156489091
556,12 SPL A4 Path H 96A,0.242,13063.0,163.777,H 96A,,,76.0,H,96,76.68436936478109,2003.549,-2.0518375901281134,25.408914664553773,2006.6559139088727,8,-0.029152799456031886
557,12 SPL A4 Path H 97A,0.282,14788.0,182.358,H 97A,,,,H,97,76.93436936478109,2003.799,-2.8708660680827993,25.538874082309174,2006.9059139088727,11,0.10403852396444435
558,12 SPL A4 Path H 98A,0.274,13168.0,166.894,H 98A,1.0,77.0,,H,98,77.18436936478109,2004.049,-2.601656854498929,25.787696580072623,2007.1559139088727,2,0.35611680848818494
559,12 SPL A4 Path H 99A,0.236,12711.0,155.284,H 99A,,,,H,99,77.35103603144776,2004.2156666666667,-2.7368517025753913,25.746793076881406,2007.3225805755394,4,0.31739709707912667
560,12 SPL A4 Path H 100A,0.234,12170.0,154.742,H 100A,,,,H,100,77.51770269811442,2004.3823333333332,-2.012225561851907,25.49498221770015,2007.489247242206,6,0.06778064350025303
561,12 SPL A4 Path H 101A,0.266,15548.0,187.454,H 101A,,,77.0,H,101,77.68436936478109,2004.549,-2.2881174603098375,25.23971597374405,2007.6559139088727,8,-0.1852805810333571
562,12 SPL A4 Path H 102A,0.266,13696.0,173.432,H 102A,,,,H,102,77.85103603144776,2004.7156666666667,-2.162816552229142,25.33173280659069,2007.8225805755394,10,-0.09104811494411891
563,12 SPL A4 Path H 103A,0.256,14177.0,175.421,H 103A,,,,H,103,78.01770269811442,2004.8823333333332,-2.7629255829847734,25.36852277981453,2007.989247242206,0,-0.052031894657456945
564,12 SPL A4 Path H 104A,0.282,14884.0,187.473,H 104A,1.0,78.0,,H,104,78.18436936478109,2005.049,-3.1162905853985583,25.38080750333398,2008.1559139088727,2,-0.03751031025496232
565,12 SPL A4 Path H 105A,0.222,11774.0,149.349,H 105A,,,,H,105,78.43436936478109,2005.299,-2.661496012094689,25.68573651121955,2008.4059139088727,5,0.27079388986789255
566,12 SPL A4 Path H 106A,0.236,12225.0,152.722,H 106A,,,78.0,H,106,78.68436936478109,2005.549,-2.419853219928141,25.453554354601234,2008.6559139088727,8,0.042010806582307936
567,12 SPL A4 Path H 107A,0.232,11706.0,148.191,H 107A,,,,H,107,78.85103603144776,2005.7156666666667,-1.735390939635503,25.354027903786996,2008.8225805755394,10,-0.05523632806822221
568,12 SPL A4 Path H 108A,0.242,12944.0,160.738,H 108A,,,,H,108,79.01770269811442,2005.8823333333332,-2.308160225805933,25.183950542589916,2008.989247242206,0,-0.2230237592815989
569,12 SPL A4 Path H 109A,0.246,12144.0,154.275,H 109A,1.0,79.0,,H,109,79.18436936478109,2006.049,-2.4601165663019735,25.200643319725824,2009.1559139088727,2,-0.20403043834165047
570,12 SPL A4 Path H 110A,0.24,12574.0,152.695,H 110A,,,,H,110,79.51770269811442,2006.3823333333332,-2.570089335131533,25.22886025348704,2009.489247242206,6,-0.17118057551180144
571,12 SPL A4 Path H 111A,0.282,14484.0,183.01,H 111A,,,,H,111,79.85103603144776,2006.7156666666667,-2.434808349858864,25.392241489657405,2009.8225805755394,10,-0.0031239549923647303
572,12 SPL A4 Path H 112A,0.234,12889.0,160.079,H 112A,1.0,80.0,,H,112,80.18436936478109,2007.049,-2.779112575566499,25.55468671888975,2010.1559139088727,2,0.16403911386994352
573,12 SPL A4 Path H 113A,0.244,12325.0,155.769,H 113A,,80.1,,H,113,80.28436936478109,2007.1490000000001,-3.0280110412660783,25.598793228021737,2010.2559139088726,3,0.20956925367061174
