decimal_year,d13c,d18o,d18o_pdb,calendar_year
1994.5,-1.9023991999999998,-5.4283653,-35.255568624653,1994.2049965776864
1994.5833333333337,-1.95,-5.69,-35.5093569,1994.3577773902268
1994.666666666667,-2.3449072,-5.5215234,-35.345932913234,1994.5105582027666
1994.7500000000002,-2.2235904,-5.297142600000001,-35.128281293426,1994.6633390153063
1994.8333333333335,-2.0893463999999997,-5.113831500000001,-34.950467693315,1994.816119827846
1994.9166666666667,-1.42,-5.09,-34.9273509,1994.9689006403858
1995.0,-1.5384487999999998,-5.1859539,-35.020427142539,1995.1216814529253
1995.0666666666675,-1.6,-5.46,-35.2862546,1995.2439061029588
1995.1333333333341,,,,1995.3751822223264
1995.2000000000007,,,,1995.5067273111435
1995.2666666666673,-1.72,-5.28,-35.1116528,1995.6382723999604
1995.333333333334,-1.571264,-5.1709284,-35.005852257284,1995.7698174887776
1995.4000000000005,-1.6567823999999998,-5.299146,-35.13022461146,1995.9013625775947
1995.4666666666672,-1.8327912,-5.4483993,-35.275001804992996,1996.0329076664118
1995.5333333333338,-1.7810823999999998,-5.5355472,-35.359536139472,1996.164452755229
1995.6000000000004,-2.1062512,-5.512508100000001,-35.337187982081,1996.3505041927374
1995.666666666667,-2.2832543999999997,-5.1999777,-35.034030368776996,1996.53690801791
1995.7333333333336,-1.97,-5.24,-35.0728524,1996.723311843083
1995.8000000000002,-1.7,-5.39,-35.2183539,1996.9097156682556
1995.8666666666668,-1.6726927999999999,-5.332202100000001,-35.162289359021,1997.0961194934284
1995.9333333333334,-1.75,-5.47,-35.295954699999996,1997.2006290308739
1996.0,-2.1152008,-5.2520661,-35.084556637660995,1997.2568103496612
1996.1999999999998,-2.09,-5.23,-35.0631523,1997.4253543060233
1996.3999999999999,-2.3986047999999998,-4.9315221000000005,-34.773625752221,1997.5938982623857
1996.6,-1.5692752,-4.938466000000001,-34.78036140466,1997.7624422187478
1996.8,-1.5216,-5.0304184,-34.869556152183996,1997.93098617511
1997.0,-1.7035752,-5.3549692,-35.184373673692,1998.0995301314722
1997.2444444444438,-2.0535479999999997,-5.363984500000001,-35.193118604845,1998.305528300359
1997.4888888888884,-2.1411112,-5.3659879,-35.195061922879,1998.511526469246
1997.733333333333,-2.2056912,-5.270826400000001,-35.102754316264,1998.7067727926074
1997.9777777777774,-1.9909568,-5.3068876000000005,-35.137734040876,1998.871445716404
1998.222222222222,-1.9879736000000001,-5.442117100000001,-35.268908008170996,1999.0361186402006
1998.4666666666665,-1.9114048,-5.4200797000000005,-35.247531509797,1999.200791563997
1998.711111111111,-1.5693312,-5.3770066000000005,-35.205750172066,1999.3654644877936
1998.9555555555555,-1.9949344,-5.407057600000001,-35.234899942576,1999.5301374115902
1999.2,-2.2703832,-5.2668196,-35.098867680196,1999.6948103353866
1999.3333333333328,-2.2644168,-5.2718281000000005,-35.103725975281,1999.7846319301843
1999.4666666666662,-2.2962375999999995,-5.386021900000001,-35.214495103219,1999.8744535249825
1999.5999999999997,-2.1759151999999995,-5.281845100000001,-35.113442565451,1999.9642751197807
1999.7333333333331,-1.9581416,-5.4531358,-35.279596257358,2000.054096714579
1999.8666666666666,-2.5706919999999998,-5.496157899999999,-35.321328124579,2000.155266382616
2000.0,-2.4592631999999996,-5.3401477,-35.169996670477,2000.2934941928243
2000.1999999999998,-2.4105936,-5.179620699999999,-35.014283875207,2000.500835908136
2000.3999999999999,-1.9491919999999998,-5.3228638,-35.153231114638,2000.7081776234481
2000.6,-1.7890936,-5.459095,-35.28537674095,2000.91551933876
2000.8,-2.3022039999999997,-5.639401,-35.46027536401,2001.1228610540722
2001.0,-2.5010839999999996,-5.5782973,-35.401004163973,2001.2984628134852
2001.1999999999998,-3.4616743999999997,-5.3779573,-35.206672360573,2001.474064572898
2001.3999999999999,-2.4095991999999993,-5.1255289,-34.961814288289,2001.649666332311
2001.6,-1.8129591999999999,-5.2908094000000006,-35.122138026094,2001.825268091724
2001.8,-2.0973576,-5.648416299999999,-35.469020295163,2002.000869851137
2002.0,-2.33198,-5.4280933000000005,-35.255304781933,2002.1790090480768
2002.1428571428573,-2.2107191999999998,-5.4210304,-35.248453698304,2002.3298136321205
2002.2857142857144,-2.9425975999999996,-5.2767856,-35.108534799856,2002.480618216164
2002.4285714285716,-2.5040671999999997,-5.0313691,-34.870478340691,2002.6314228002075
2002.5714285714287,-2.5259439999999995,-5.0964796,-34.933636176796,2002.7822273842507
2002.7142857142858,-1.2173136,-5.147566299999999,-34.983190786663,2002.9330319682942
2002.857142857143,-1.9570911999999998,-5.443322800000001,-35.270077549228,2003.0838365523377
2003.0,-2.4831847999999996,-5.5772956,-35.400032504956,2003.2363319082763
2003.125,-2.7118407999999996,-5.487193600000001,-35.312632663936,2003.3761762512813
2003.25,-2.6581991999999994,-5.2557499,-35.088129960498996,2003.5160205942864
2003.375,-2.1719375999999997,-5.190639399999999,-35.024972124394,2003.6558649372912
2003.5,-2.1381279999999996,-5.3529148,-35.182380885148,2003.7957092802963
2003.625,-1.8368247999999998,-5.5873126,-35.409749095125996,2003.935553623301
2003.75,-1.9810127999999998,-5.6884843,-35.507886655842995,2004.0753979663061
2003.875,-2.3867279999999997,-5.629383999999999,-35.45055877384,2004.2087761503467
2004.0,-2.7745439999999997,-5.425037199999999,-35.252340334372,2004.3305153061879
2004.1428571428573,-3.0659031999999997,-5.2767856,-35.108534799856,2004.4696457700065
2004.2857142857144,-2.8232695999999997,-5.0954779,-34.932664517778996,2004.6087762338252
2004.4285714285716,-2.5617423999999995,-5.163593499999999,-34.998737330935,2004.7479066976437
2004.5714285714287,-2.6283671999999996,-5.3539164999999995,-35.183352544165,2004.887037161462
2004.7142857142858,-2.3012095999999995,-5.639401,-35.46027536401,2005.0261676252806
2004.857142857143,-2.3290527999999995,-5.6914894,-35.510801632894,2005.1652980408624
2005.0,-2.2265735999999996,-5.6667019000000005,-35.486757510019,2005.2851337386578
2005.1428571428573,-2.2196687999999996,-5.4921511,-35.317441488511,2005.4049694364535
2005.2857142857144,-2.7059303999999993,-5.3128468,-35.143514524467996,2005.524805134249
2005.4285714285716,-2.6542215999999996,-5.1195186999999995,-34.955984334187,2005.6446408320444
2005.5714285714287,-2.5040671999999997,-5.315851899999999,-35.146429501518995,2005.7644765298398
2005.7142857142858,-1.9979176,-5.569281999999999,-35.392259232819995,2005.8843122276353
2005.857142857143,-2.346952,-5.5442395,-35.367967757395,2006.0041479254307
2006.0,-2.3887167999999996,-5.574341500000001,-35.397166998415,2006.1239836232262
2006.1666666666663,-2.2792768,-5.5102327,-35.334980821327,2006.279576580089
2006.333333333333,-3.0649087999999995,-5.222744800000001,-35.056114683448,2006.4414833852204
2006.4999999999998,-2.9704407999999995,-5.1766666,-35.011418368666,2006.6033901903518
2006.6666666666665,-2.7526672,-5.1636445,-34.998786801445,2006.7652969954831
2006.8333333333333,-2.65516,-5.191692100000001,-35.025993253921,2006.9272038006145
2007.0,-2.9982839999999995,-5.4321001,-35.259191418000995,2007.0891106057459
2007.1,-2.1848088,-5.5262599,-35.350527365599,2007.287206665819
2007.2,-1.625956,-5.2017091,-35.035709844091,2007.412648248027
2007.4,-0.9011504,-5.0694507,-34.907417873507,2007.6635314124424
2007.45,-1.1010248,-5.523220800000001,-35.347579408208,2007.726252203546
2007.5,-2.3102152,-5.874817500000001,-35.688631723175,2007.7889729946498
2007.6666666666665,-1.3197927999999999,-5.5823211,-35.404907290211,2007.9980422983292
2007.8333333333333,-1.6539112,-5.3819811,-35.210575486810995,2008.2098853139016
2008.0,-2.5379328,-5.312863800000001,-35.143531014638,2008.4328231770462
2008.1999999999998,-2.7626672,-5.4430848,-35.269846686848,2008.700348612819
2008.3999999999999,-2.7089696,-5.275800899999999,-35.107579631008996,2008.9678740485922
2008.6,-1.765284,-5.4460899000000005,-35.272761663899,2009.232085512206
2008.8,-1.4948072000000001,-5.4170406,-35.244583552406,2009.467564316678
2009.0,-2.4553976,-5.3529317999999995,-35.182397375318,2009.7030431211497
2009.1111111111113,-2.9317151999999997,-5.4130338,-35.240696916337996,2009.83386467919
2009.2222222222224,-2.6393616,-5.513203799999999,-35.337862818038,2009.9646862372297
2009.3333333333335,-2.5588151999999997,-5.616378900000001,-35.437943696789,2010.0955077952697
2009.4444444444446,-2.1063631999999997,-5.703526800000001,-35.522478031268,2010.2091022176774
2009.5555555555557,-1.9621752,-5.6233908,-35.444745309908,2010.3038074085068
2009.6666666666667,-2.2187303999999997,-5.2207074,-35.054138385074,2010.3985125993363
2009.7777777777778,-3.2141248,-5.398008300000001,-35.226122031083,2010.4932177901658
2009.888888888889,-2.9466312,-5.4330678,-35.260130096678,2010.5879229809952
2010.0,-2.3847952,-5.4400797,-35.266931709797,2010.6826281718247
2010.25,-2.5687592,-5.609367,-35.43114208367,2010.895714851191
2010.5,-1.914444,-5.478144299999999,-35.303854752443,2011.1088015305575
2010.75,-1.6499336,-5.4841545,-35.309684706545,2011.3191486995208
2011.0,-1.5186728,-5.3208774000000005,-35.151304286774,2011.5293223819301
2011.1428571428573,-1.9501304,-5.208721000000001,-35.04251145721,2011.6494216290214
2011.2857142857144,-2.0457047999999998,-5.1816411,-35.016243683411,2011.7695208761124
2011.4285714285716,-2.2237024,-5.308857,-35.13964437857,2011.8896201232033
2011.5714285714287,-1.8537856,-5.504188500000001,-35.329117886885,2012.0097193702943
2011.7142857142858,-2.4126384,-5.6604537,-35.480696693537,2012.1298186173854
2011.857142857143,-1.6936872,-5.5442565,-35.367984247565,2012.2499178644764
2012.0,-1.4828744,-5.4450882,-35.271790004882,2012.3700171115674
