sample #,age_absolute,d18o
1,1928.099,25.84818298
2,1928.204556,25.65957725
3,1928.310111,25.58264
4,1928.415667,25.63926254
5,1928.521222,25.76950129
6,1928.626778,25.75869458
7,1928.732333,25.75276147
8,1928.837889,25.80607368
9,1928.943444,25.66799942
10,1929.049,25.67399918
11,1929.1115,25.5628731
12,1929.174,25.55934862
13,1929.2365,25.63608355
14,1929.299,25.66192322
15,1929.3615,25.80791727
16,1929.424,25.88110125
17,1929.4865,25.99169856
18,1929.549,25.69492702
19,1929.799,25.78348896
20,1930.049,25.52038672
21,1930.099,25.77025061
22,1930.174,25.664741
23,1930.249,25.72245922
24,1930.324,25.94422228
25,1930.399,26.14754044
26,1930.474,26.14143035
27,1930.549,25.92373284
28,1930.715667,25.97804774
29,1930.882333,25.90356179
30,1931.049,25.89756141
31,1931.132333,25.77230396
32,1931.215667,25.63847454
33,1931.299,25.94895695
34,1931.382333,25.97347864
35,1931.465667,25.90520368
36,1931.549,26.00777629
37,1931.715667,25.8768251
38,1931.882333,25.93653593
39,1932.049,25.81480131
40,1932.174,25.79701179
41,1932.299,25.93711294
42,1932.424,25.99172958
43,1932.549,25.86286504
44,1932.715667,25.96625076
45,1932.882333,25.89840685
46,1933.049,25.78236206
47,1933.120429,25.75479168
48,1933.191857,25.69585086
49,1933.263286,25.76652401
50,1933.334714,25.9238553
51,1933.406143,25.99289046
52,1933.477571,26.0632031
53,1933.549,25.56753885
54,1933.715667,25.93711588
55,1933.882333,25.71882862
56,1934.049,25.84527537
57,1934.149,25.71016457
58,1934.249,25.7323782
59,1934.349,25.77484322
60,1934.449,25.96769673
61,1934.549,25.94601995
62,1934.649,25.99786612
63,1934.749,25.8126735
64,1934.849,25.83781629
65,1934.949,25.83483717
66,1935.049,25.81615617
67,1935.132333,25.98701451
68,1935.215667,26.09429337
69,1935.299,26.17261564
70,1935.382333,26.02971856
71,1935.449,25.86138923
72,1935.465667,26.07764024
73,1935.549,25.6630893
74,1935.715667,26.63502361
75,1935.749,25.5846244
76,1935.882333,26.00329144
77,1936.049,26.01765021
78,1936.049,25.76513182
79,1936.174,25.77611936
80,1936.215667,26.38221926
81,1936.299,26.09067075
82,1936.382333,26.34774625
83,1936.424,26.17303768
84,1936.549,26.26553279
85,1936.549,25.98771982
86,1936.615667,25.62420002
87,1936.682333,25.96603916
88,1936.715667,25.83525133
89,1936.749,25.78607396
90,1936.882333,25.5526487
91,1937.049,25.26373825
92,1937.132333,25.36312313
93,1937.215667,25.55207041
94,1937.299,25.45864109
95,1937.382333,25.8028141
96,1937.465667,25.64576019
97,1937.549,25.7170308
98,1937.715667,25.73079455
99,1937.882333,25.09859624
100,1938.049,25.34565812
101,1938.215667,25.34893228
102,1938.382333,25.53012276
103,1938.549,25.90363897
104,1938.649,25.59905925
105,1938.749,25.83216628
106,1938.849,25.64810779
107,1938.949,25.58055491
108,1939.049,25.57612551
109,1939.215667,25.56498
110,1939.382333,25.28530768
111,1939.549,25.14046697
112,1939.799,26.12927873
113,1939.949,25.7001388
114,1940.049,25.50871461
115,1940.215667,25.68107377
116,1940.249,25.48024295
117,1940.382333,25.32674406
118,1940.382333,25.53069018
119,1940.515667,25.6685107
120,1940.549,25.80704343
121,1940.649,25.48585734
122,1940.782333,25.60915745
123,1940.915667,25.31798009
124,1941.049,25.5833338
125,1941.215667,25.67096278
126,1941.382333,25.84849255
127,1941.549,25.86820023
128,1941.632333,25.89382893
129,1941.715667,25.85252382
130,1941.799,25.78208579
131,1941.882333,25.36471149
132,1941.965667,25.51614332
133,1942.049,25.56518964
134,1942.215667,25.4128154
135,1942.382333,25.53892319
136,1942.549,25.69695395
137,1942.799,25.87234024
138,1943.049,25.8652838
139,1943.191857,25.88792261
140,1943.334714,25.85316746
141,1943.477571,25.84312699
142,1943.620429,25.75562145
143,1943.763286,25.73584911
144,1943.906143,25.67610497
145,1944.049,25.64181418
146,1944.215667,25.62063702
147,1944.382333,25.79295309
148,1944.549,25.78707027
149,1944.674,25.78132852
150,1944.799,25.58889822
151,1944.924,25.73188935
152,1945.049,25.58608466
153,1945.299,25.59196944
154,1945.549,25.71642749
155,1945.649,25.72571362
156,1945.749,25.8693141
157,1945.849,25.55032831
158,1945.949,25.55039002
159,1946.049,25.42644727
160,1946.149,25.46194891
161,1946.249,25.7138128
162,1946.349,25.80737064
163,1946.449,25.88180761
164,1946.549,25.80677893
165,1946.715667,25.98324872
166,1946.882333,25.89175991
167,1947.049,25.86305901
168,1947.149,25.79750749
169,1947.249,25.90686126
170,1947.349,25.86842261
171,1947.449,26.05158343
172,1947.549,25.80270749
173,1947.674,25.72444007
174,1947.799,25.61104622
175,1947.924,25.49704498
176,1948.049,24.88162403
177,1948.215667,25.50339117
178,1948.382333,25.68064371
179,1948.549,25.7562739
180,1948.715667,25.74329839
181,1948.882333,25.42913446
182,1949.049,25.51986502
183,1949.099,25.45781674
184,1949.149,25.59340463
185,1949.2115,25.29698416
186,1949.249,25.4166958
187,1949.324,25.43791215
188,1949.349,25.64970333
189,1949.4365,25.6301759
190,1949.449,25.93470495
191,1949.549,25.89100753
192,1950.499,25.52191391
193,1950.5115,25.70835592
194,1950.524,25.82629654
195,1950.5365,25.6863479
196,1950.549,25.66792588
197,1950.799,25.61015657
198,1951.049,25.4791717
199,1951.215667,25.63545123
200,1951.382333,25.80450407
201,1951.549,25.84953949
202,1951.649,25.86937954
203,1951.749,25.66977901
204,1951.849,25.7201902
205,1951.949,25.58861008
206,1952.049,25.66900164
207,1952.299,25.79962875
208,1952.549,25.73767318
209,1952.799,26.05045277
210,1953.049,25.85945677
211,1953.174,25.60143529
212,1953.299,25.90647604
213,1953.424,25.69822858
214,1953.549,25.76410147
215,1953.715667,25.38329848
216,1953.882333,25.27057547
217,1954.049,25.75804762
218,1954.215667,25.59766267
219,1954.382333,25.65795272
220,1954.549,25.66606627
221,1954.799,25.26847186
222,1955.049,25.41911117
223,1955.174,25.56386028
224,1955.299,25.46143525
225,1955.424,25.76131479
226,1955.549,25.65679813
227,1955.799,25.6247386
228,1956.049,25.58422025
229,1956.215667,25.23811977
230,1956.382333,25.36699105
231,1956.549,26.49407802
232,1956.669,25.67951617
233,1956.789,25.762653
234,1956.799,25.7425435
235,1956.909,25.57238597
236,1957.029,25.68799097
237,1957.149,25.64734787
238,1957.215667,25.79324459
239,1957.632333,25.54694612
240,1958.049,25.57980547
241,1958.149,25.524745
242,1958.249,25.53021607
243,1958.349,25.61859444
244,1958.449,25.72925027
245,1958.549,25.77099257
246,1958.799,25.66962234
247,1959.049,25.56129564
248,1959.215667,25.54783227
249,1959.382333,25.54256776
250,1959.549,25.67716109
251,1959.674,25.58748393
252,1959.799,25.7514
253,1959.924,25.82242064
254,1960.049,25.78776503
255,1960.174,25.70651377
256,1960.299,25.57803667
257,1960.424,25.51923551
258,1960.549,25.72409604
259,1960.674,25.82737479
260,1960.799,25.85789902
261,1960.924,25.71926563
262,1961.049,25.74584611
263,1961.299,25.67335554
264,1961.549,25.67948673
265,1961.715667,25.847859
266,1961.882333,26.0996959
267,1962.049,25.94112217
268,1962.299,25.74256296
269,1962.549,25.47247169
270,1962.715667,25.82716024
271,1962.882333,25.93814239
272,1963.049,25.86301184
273,1963.215667,25.6971683
274,1963.382333,26.00293603
275,1963.549,25.68170211
276,1963.715667,25.84745734
277,1963.882333,25.81412846
278,1964.049,25.76510238
279,1964.174,25.51847559
280,1964.299,25.66481538
281,1964.424,25.75007727
282,1964.549,25.87424038
283,1964.799,25.88807947
284,1965.049,25.73974535
285,1965.299,25.72099352
286,1965.549,25.70663502
287,1965.632333,25.52319274
288,1965.715667,25.70141592
289,1965.799,25.88668289
290,1965.882333,25.96945398
291,1965.965667,25.79158755
292,1966.049,25.76513631
293,1966.299,25.47240583
294,1966.549,25.42770522
295,1966.674,25.59069971
296,1966.799,25.71939337
297,1966.924,25.67061277
298,1967.049,25.68088731
299,1967.174,25.60676366
300,1967.299,25.37221464
301,1967.424,25.58076297
302,1967.549,25.41663534
303,1967.715667,25.60775109
304,1967.882333,25.65372305
305,1968.049,25.73875143
306,1968.209,25.83949746
307,1968.369,25.80822629
308,1968.529,25.7304832
309,1968.689,25.44586029
310,1968.849,25.81099052
311,1969.349,25.87472777
312,1969.489,25.95709208
313,1969.629,25.83037649
314,1969.769,25.81599877
315,1969.909,25.79330616
316,1970.049,25.64019915
317,1970.299,25.72241664
318,1970.549,25.70226462
319,1970.799,25.69882369
320,1971.049,25.66502995
321,1971.215667,25.8421317
322,1971.382333,25.8662901
323,1971.549,25.88237586
324,1971.715667,26.01194961
325,1971.882333,25.88404515
326,1971.949,25.46247286
327,1971.999,25.50677036
328,1972.049,25.80376464
329,1972.049,25.43788723
330,1972.141857,25.66380392
331,1972.234714,25.67988067
332,1972.299,25.76798784
333,1972.327571,25.88411786
334,1972.420429,25.98192898
335,1972.513286,25.98021393
336,1972.549,25.8809928
337,1972.674,25.81073262
338,1972.699,26.0340244
339,1972.791857,25.98000642
340,1972.799,25.66326592
341,1972.884714,25.92781085
342,1972.924,25.53703755
343,1972.977571,25.85277536
344,1973.049,25.576399
345,1973.070429,25.454764
346,1973.163286,25.3466607
347,1973.256143,25.42081944
348,1973.299,25.75575401
349,1973.349,25.32013598
350,1973.549,25.88698904
351,1973.632333,25.82550864
352,1973.715667,25.75779485
353,1973.799,25.53305532
354,1973.882333,25.29206097
355,1973.965667,25.37335749
356,1974.049,25.33948112
357,1974.149,25.27517321
358,1974.249,25.39176472
359,1974.349,25.59581522
360,1974.449,25.56894078
361,1974.549,25.62178251
362,1974.632333,25.70853276
363,1974.715667,25.62684265
364,1974.799,25.426454
365,1974.882333,25.29905339
366,1974.965667,25.35104845
367,1975.049,25.42282629
368,1975.174,25.69968357
369,1975.299,25.91651933
370,1975.424,25.81705294
371,1975.549,25.60094086
372,1975.799,25.49818196
373,1976.049,25.42455297
374,1976.132333,25.54927108
375,1976.215667,25.7416502
376,1976.299,25.90111819
377,1976.382333,26.01101792
378,1976.465667,25.73840066
379,1976.549,25.58101157
380,1976.674,25.4469971
381,1976.799,25.34607234
382,1976.924,25.41080799
383,1977.049,25.48828342
384,1977.174,25.75402654
385,1977.299,25.80827376
386,1977.424,25.75647519
387,1977.549,25.65762682
388,1977.715667,25.29643599
389,1977.882333,25.27817328
390,1978.049,25.46561695
391,1978.149,25.48165444
392,1978.249,25.50710986
393,1978.349,25.7659484
394,1978.449,25.83777041
395,1978.549,25.75647809
396,1978.715667,25.25652973
397,1978.882333,25.26279897
398,1979.049,25.34057545
399,1979.174,25.41610258
400,1979.299,25.65361834
401,1979.424,25.87099441
402,1979.549,25.98117616
403,1979.715667,25.82116276
404,1979.882333,25.62481263
405,1980.049,25.47351581
406,1980.299,25.53616656
407,1980.549,25.90472396
408,1980.674,25.78329454
409,1980.799,25.51882362
410,1980.924,25.42928161
411,1981.049,25.40657869
412,1981.160111,25.61552359
413,1981.271222,25.67042869
414,1981.382333,25.60461704
415,1981.493444,25.45408306
416,1981.604556,25.2956393
417,1981.715667,25.24272156
418,1981.826778,25.30228881
419,1981.937889,25.35333236
420,1982.049,25.52904444
421,1982.174,25.48211282
422,1982.299,25.32984917
423,1982.424,25.36626643
424,1982.549,25.24384674
425,1982.674,25.32863556
426,1982.799,25.58025204
427,1982.924,25.81605295
428,1983.049,25.7489644
429,1983.299,25.55836553
430,1983.549,25.53772888
431,1983.799,25.59769392
432,1984.049,25.78894546
433,1984.191857,25.70342605
434,1984.334714,25.32281639
435,1984.477571,25.32836115
436,1984.620429,25.27612553
437,1984.763286,25.37303251
438,1984.906143,25.36412604
439,1985.049,25.55537818
440,1985.299,25.43819098
441,1985.549,25.39991155
442,1985.799,25.45654683
443,1986.049,25.3589973
444,1986.299,25.44332614
445,1986.549,25.68176328
446,1986.799,25.65378489
447,1987.049,25.71298479
448,1987.249,25.55690465
449,1987.449,25.43603517
450,1987.649,25.67001627
451,1987.849,25.83631904
452,1988.049,25.27515388
453,1988.049,25.44409298
454,1988.165667,25.35349521
455,1988.191857,25.60702623
456,1988.215667,25.41200349
457,1988.282333,25.36137629
458,1988.334714,25.88993593
459,1988.382333,25.5698961
460,1988.399,25.70489917
461,1988.477571,25.91328722
462,1988.515667,25.64642422
463,1988.549,25.8262385
464,1988.620429,25.84334351
465,1988.632333,25.56444569
466,1988.749,25.45411057
467,1988.763286,25.72635661
468,1988.799,25.79345768
469,1988.906143,25.74630173
470,1989.049,25.57603111
471,1989.049,26.04104786
472,1989.299,25.5763271
473,1989.399,25.91165298
474,1989.549,25.86208022
475,1989.674,25.88207352
476,1989.749,25.89692454
477,1989.799,25.8458231
478,1989.924,25.61922023
479,1990.049,25.41990858
480,1990.174,25.49692235
481,1990.299,25.61190811
482,1990.424,25.79472986
483,1990.549,25.93831529
484,1990.799,25.84042611
485,1991.049,25.55369583
486,1991.149,25.26714196
487,1991.249,25.27977217
488,1991.349,25.38652009
489,1991.449,25.58705982
490,1991.549,25.65996447
491,1991.715667,25.5791018
492,1991.882333,25.54485571
493,1992.049,25.29068964
494,1992.174,25.23441847
495,1992.299,25.46315847
496,1992.424,25.60193645
497,1992.549,25.54725502
498,1992.715667,25.46831092
499,1992.882333,25.3173972
500,1993.049,25.3579361
501,1993.299,25.48575642
502,1993.549,25.66515269
503,1993.715667,25.71277535
504,1993.882333,25.65285816
505,1994.049,25.52250964
506,1994.174,25.60874381
507,1994.299,25.66436909
508,1994.424,25.7864043
509,1994.549,25.97108337
510,1994.674,25.98655836
511,1994.799,25.81846573
512,1994.924,25.49082556
513,1995.049,25.55858707
514,1995.215667,25.58260864
515,1995.382333,25.54277836
516,1995.549,25.64603463
517,1995.715667,25.48146549
518,1995.882333,25.36523793
519,1996.049,25.42776075
520,1996.174,25.43226093
521,1996.299,25.3990861
522,1996.424,25.57068068
523,1996.549,25.62594821
524,1996.715667,25.65087638
525,1996.882333,25.34905482
526,1997.049,25.47020303
527,1997.174,25.30684188
528,1997.299,25.48282491
529,1997.424,25.64259933
530,1997.549,25.56526507
531,1997.674,25.4219085
532,1997.799,25.32952216
533,1997.924,25.22645996
534,1998.049,25.21676567
535,1998.215667,25.46998152
536,1998.382333,25.52690299
537,1998.549,25.73928493
538,1998.799,25.54161497
539,1999.049,25.41341779
540,1999.382333,25.28500254
541,1999.715667,25.23475171
542,2000.049,25.25934419
543,2000.299,25.41129977
544,2000.549,25.62639906
545,2000.799,25.59298361
546,2001.049,25.69899155
547,2001.299,25.60014137
548,2001.549,25.42553589
549,2001.799,25.33705285
550,2002.049,25.40271938
551,2002.299,25.40597041
552,2002.549,25.55140579
553,2002.715667,25.71276065
554,2002.882333,25.37463329
555,2003.049,25.23417001
556,2003.299,25.14220267
557,2003.549,25.40891466
558,2003.799,25.53887408
559,2004.049,25.78769658
560,2004.215667,25.74679308
561,2004.382333,25.49498222
562,2004.549,25.23971597
563,2004.715667,25.33173281
564,2004.882333,25.36852278
565,2005.049,25.3808075
566,2005.299,25.68573651
567,2005.549,25.45355435
568,2005.715667,25.3540279
569,2005.882333,25.18395054
570,2006.049,25.20064332
571,2006.382333,25.22886025
572,2006.715667,25.39224149
573,2007.049,25.55468672
574,2007.149,25.59879323
