,date,d18o
0,1958-01-16T00:00:00.000000000,8.872583
1,1958-02-15T00:00:00.000000000,8.85111
2,1958-03-16T00:00:00.000000000,8.871435
3,1958-04-16T00:00:00.000000000,8.97998
4,1958-05-16T00:00:00.000000000,9.095548
5,1958-06-16T00:00:00.000000000,9.35864
6,1958-07-16T00:00:00.000000000,9.502057
7,1958-08-16T00:00:00.000000000,9.542982
8,1958-09-16T00:00:00.000000000,9.41696
9,1958-10-16T00:00:00.000000000,9.280478
10,1958-11-16T00:00:00.000000000,9.24914
11,1958-12-16T00:00:00.000000000,9.183738
12,1959-01-16T00:00:00.000000000,9.216929
13,1959-02-15T00:00:00.000000000,9.189421
14,1959-03-16T00:00:00.000000000,9.142518
15,1959-04-16T00:00:00.000000000,9.094534
16,1959-05-16T00:00:00.000000000,9.020956
17,1959-06-16T00:00:00.000000000,9.269247
18,1959-07-16T00:00:00.000000000,9.520628
19,1959-08-16T00:00:00.000000000,9.656606
20,1959-09-16T00:00:00.000000000,9.57028
21,1959-10-16T00:00:00.000000000,9.399077
22,1959-11-16T00:00:00.000000000,9.181877
23,1959-12-16T00:00:00.000000000,9.215855
24,1960-01-16T00:00:00.000000000,9.209606
25,1960-02-15T00:00:00.000000000,9.167316
26,1960-03-16T00:00:00.000000000,9.151874
27,1960-04-16T00:00:00.000000000,9.18766
28,1960-05-16T00:00:00.000000000,9.227604
29,1960-06-16T00:00:00.000000000,9.309988
30,1960-07-16T00:00:00.000000000,9.457393
31,1960-08-16T00:00:00.000000000,9.418304
32,1960-09-16T00:00:00.000000000,9.325859
33,1960-10-16T00:00:00.000000000,9.31555
34,1960-11-16T00:00:00.000000000,9.344335
35,1960-12-16T00:00:00.000000000,9.285194
36,1961-01-16T00:00:00.000000000,9.283967
37,1961-02-15T00:00:00.000000000,9.26284
38,1961-03-16T00:00:00.000000000,9.144574
39,1961-04-16T00:00:00.000000000,9.11129
40,1961-05-16T00:00:00.000000000,9.190147
41,1961-06-16T00:00:00.000000000,9.233484
42,1961-07-16T00:00:00.000000000,9.428487
43,1961-08-16T00:00:00.000000000,9.484887
44,1961-09-16T00:00:00.000000000,9.38748
45,1961-10-16T00:00:00.000000000,9.307278
46,1961-11-16T00:00:00.000000000,9.115154
47,1961-12-16T00:00:00.000000000,9.029879
48,1962-01-16T00:00:00.000000000,9.034995
49,1962-02-15T00:00:00.000000000,9.144024
50,1962-03-16T00:00:00.000000000,9.1104355
51,1962-04-16T00:00:00.000000000,9.1206665
52,1962-05-16T00:00:00.000000000,9.200876
53,1962-06-16T00:00:00.000000000,9.328842
54,1962-07-16T00:00:00.000000000,9.401474
55,1962-08-16T00:00:00.000000000,9.452257
56,1962-09-16T00:00:00.000000000,9.361273
57,1962-10-16T00:00:00.000000000,9.20651
58,1962-11-16T00:00:00.000000000,9.116196
59,1962-12-16T00:00:00.000000000,8.655031
60,1963-01-16T00:00:00.000000000,9.0110855
61,1963-02-15T00:00:00.000000000,9.120478
62,1963-03-16T00:00:00.000000000,9.118313
63,1963-04-16T00:00:00.000000000,9.12022
64,1963-05-16T00:00:00.000000000,9.246849
65,1963-06-16T00:00:00.000000000,9.373558
66,1963-07-16T00:00:00.000000000,9.493679
67,1963-08-16T00:00:00.000000000,9.479094
68,1963-09-16T00:00:00.000000000,9.487932
69,1963-10-16T00:00:00.000000000,9.499399
70,1963-11-16T00:00:00.000000000,9.455748
71,1963-12-16T00:00:00.000000000,9.410927
72,1964-01-16T00:00:00.000000000,9.286803
73,1964-02-15T00:00:00.000000000,9.233475
74,1964-03-16T00:00:00.000000000,9.094883
75,1964-04-16T00:00:00.000000000,9.185777
76,1964-05-16T00:00:00.000000000,9.254637
77,1964-06-16T00:00:00.000000000,9.353639
78,1964-07-16T00:00:00.000000000,9.416289
79,1964-08-16T00:00:00.000000000,9.161228
80,1964-09-16T00:00:00.000000000,9.377374
81,1964-10-16T00:00:00.000000000,9.166856
82,1964-11-16T00:00:00.000000000,9.233675
83,1964-12-16T00:00:00.000000000,9.285944
84,1965-01-16T00:00:00.000000000,9.278421
85,1965-02-15T00:00:00.000000000,9.320885
86,1965-03-16T00:00:00.000000000,9.264915
87,1965-04-16T00:00:00.000000000,9.323904
88,1965-05-16T00:00:00.000000000,9.381239
89,1965-06-16T00:00:00.000000000,9.511084
90,1965-07-16T00:00:00.000000000,9.752437
91,1965-08-16T00:00:00.000000000,9.814202
92,1965-09-16T00:00:00.000000000,9.678056
93,1965-10-16T00:00:00.000000000,9.551334
94,1965-11-16T00:00:00.000000000,9.496758
95,1965-12-16T00:00:00.000000000,9.277255
96,1966-01-16T00:00:00.000000000,9.16966
97,1966-02-15T00:00:00.000000000,9.1409855
98,1966-03-16T00:00:00.000000000,9.156424
99,1966-04-16T00:00:00.000000000,9.17345
100,1966-05-16T00:00:00.000000000,9.272682
101,1966-06-16T00:00:00.000000000,9.431263
102,1966-07-16T00:00:00.000000000,9.546694
103,1966-08-16T00:00:00.000000000,9.6623535
104,1966-09-16T00:00:00.000000000,9.344536
105,1966-10-16T00:00:00.000000000,9.424025
106,1966-11-16T00:00:00.000000000,9.502127
107,1966-12-16T00:00:00.000000000,9.346331
108,1967-01-16T00:00:00.000000000,9.27998
109,1967-02-15T00:00:00.000000000,9.172452
110,1967-03-16T00:00:00.000000000,9.123486
111,1967-04-16T00:00:00.000000000,9.22345
112,1967-05-16T00:00:00.000000000,9.229849
113,1967-06-16T00:00:00.000000000,9.357029
114,1967-07-16T00:00:00.000000000,9.385136
115,1967-08-16T00:00:00.000000000,9.330116
116,1967-09-16T00:00:00.000000000,9.279746
117,1967-10-16T00:00:00.000000000,9.171551
118,1967-11-16T00:00:00.000000000,9.377342
119,1967-12-16T00:00:00.000000000,9.225193
120,1968-01-16T00:00:00.000000000,8.961196
121,1968-02-15T00:00:00.000000000,9.019732
122,1968-03-16T00:00:00.000000000,8.871187
123,1968-04-16T00:00:00.000000000,8.98763
124,1968-05-16T00:00:00.000000000,9.087365
125,1968-06-16T00:00:00.000000000,9.161096
126,1968-07-16T00:00:00.000000000,9.210908
127,1968-08-16T00:00:00.000000000,9.336254
128,1968-09-16T00:00:00.000000000,9.443726
129,1968-10-16T00:00:00.000000000,9.418593
130,1968-11-16T00:00:00.000000000,9.469974
131,1968-12-16T00:00:00.000000000,9.187544
132,1969-01-16T00:00:00.000000000,9.126238
133,1969-02-15T00:00:00.000000000,9.27905
134,1969-03-16T00:00:00.000000000,8.991065
135,1969-04-16T00:00:00.000000000,8.934498
136,1969-05-16T00:00:00.000000000,9.020118
137,1969-06-16T00:00:00.000000000,9.207285
138,1969-07-16T00:00:00.000000000,9.177748
139,1969-08-16T00:00:00.000000000,9.407492
140,1969-09-16T00:00:00.000000000,9.448563
141,1969-10-16T00:00:00.000000000,9.419116
142,1969-11-16T00:00:00.000000000,9.302387
143,1969-12-16T00:00:00.000000000,9.189294
144,1970-01-16T00:00:00.000000000,8.718133
145,1970-02-15T00:00:00.000000000,8.7914295
146,1970-03-16T00:00:00.000000000,8.880109
147,1970-04-16T00:00:00.000000000,8.921409
148,1970-05-16T00:00:00.000000000,9.074341
149,1970-06-16T00:00:00.000000000,9.096647
150,1970-07-16T00:00:00.000000000,9.339728
151,1970-08-16T00:00:00.000000000,9.39418
152,1970-09-16T00:00:00.000000000,9.273578
153,1970-10-16T00:00:00.000000000,9.050974
154,1970-11-16T00:00:00.000000000,9.093981
155,1970-12-16T00:00:00.000000000,8.902048
156,1971-01-16T00:00:00.000000000,9.11353
157,1971-02-15T00:00:00.000000000,8.918288
158,1971-03-16T00:00:00.000000000,9.127552
159,1971-04-16T00:00:00.000000000,8.99394
160,1971-05-16T00:00:00.000000000,9.10216
161,1971-06-16T00:00:00.000000000,9.181614
162,1971-07-16T00:00:00.000000000,9.307742
163,1971-08-16T00:00:00.000000000,9.29479
164,1971-09-16T00:00:00.000000000,9.212673
165,1971-10-16T00:00:00.000000000,9.203951
166,1971-11-16T00:00:00.000000000,8.849638
167,1971-12-16T00:00:00.000000000,8.95332
168,1972-01-16T00:00:00.000000000,9.120379
169,1972-02-15T00:00:00.000000000,9.024063
170,1972-03-16T00:00:00.000000000,8.982296
171,1972-04-16T00:00:00.000000000,8.864666
172,1972-05-16T00:00:00.000000000,9.123098
173,1972-06-16T00:00:00.000000000,9.5178585
174,1972-07-16T00:00:00.000000000,9.711227
175,1972-08-16T00:00:00.000000000,9.53059
176,1972-09-16T00:00:00.000000000,9.539535
177,1972-10-16T00:00:00.000000000,9.497063
178,1972-11-16T00:00:00.000000000,9.327947
179,1972-12-16T00:00:00.000000000,9.230768
180,1973-01-16T00:00:00.000000000,9.037318
181,1973-02-15T00:00:00.000000000,9.098098
182,1973-03-16T00:00:00.000000000,8.975613
183,1973-04-16T00:00:00.000000000,8.621849
184,1973-05-16T00:00:00.000000000,9.013301
185,1973-06-16T00:00:00.000000000,9.155867
186,1973-07-16T00:00:00.000000000,9.327103
187,1973-08-16T00:00:00.000000000,9.4399
188,1973-09-16T00:00:00.000000000,9.454375
189,1973-10-16T00:00:00.000000000,9.380985
190,1973-11-16T00:00:00.000000000,9.198139
191,1973-12-16T00:00:00.000000000,9.209518
192,1974-01-16T00:00:00.000000000,9.257292
193,1974-02-15T00:00:00.000000000,9.267574
194,1974-03-16T00:00:00.000000000,9.190693
195,1974-04-16T00:00:00.000000000,9.235298
196,1974-05-16T00:00:00.000000000,9.354544
197,1974-06-16T00:00:00.000000000,9.370688
198,1974-07-16T00:00:00.000000000,9.453002
199,1974-08-16T00:00:00.000000000,9.515153
200,1974-09-16T00:00:00.000000000,9.494043
201,1974-10-16T00:00:00.000000000,9.257412
202,1974-11-16T00:00:00.000000000,9.076031
203,1974-12-16T00:00:00.000000000,9.2103195
204,1975-01-16T00:00:00.000000000,9.203576
205,1975-02-15T00:00:00.000000000,9.198042
206,1975-03-16T00:00:00.000000000,9.013672
207,1975-04-16T00:00:00.000000000,9.044695
208,1975-05-16T00:00:00.000000000,9.018474
209,1975-06-16T00:00:00.000000000,9.198167
210,1975-07-16T00:00:00.000000000,9.292113
211,1975-08-16T00:00:00.000000000,9.381578
212,1975-09-16T00:00:00.000000000,9.36599
213,1975-10-16T00:00:00.000000000,9.348238
214,1975-11-16T00:00:00.000000000,9.264245
215,1975-12-16T00:00:00.000000000,9.151842
216,1976-01-16T00:00:00.000000000,9.222558
217,1976-02-15T00:00:00.000000000,9.339219
218,1976-03-16T00:00:00.000000000,9.26527
219,1976-04-16T00:00:00.000000000,9.130211
220,1976-05-16T00:00:00.000000000,9.138834
221,1976-06-16T00:00:00.000000000,9.264896
222,1976-07-16T00:00:00.000000000,9.371305
223,1976-08-16T00:00:00.000000000,9.635122
224,1976-09-16T00:00:00.000000000,9.753588
225,1976-10-16T00:00:00.000000000,9.508692
226,1976-11-16T00:00:00.000000000,9.260661
227,1976-12-16T00:00:00.000000000,8.992099
228,1977-01-16T00:00:00.000000000,8.955326
229,1977-02-15T00:00:00.000000000,8.328791
230,1977-03-16T00:00:00.000000000,8.475064
231,1977-04-16T00:00:00.000000000,8.714815
232,1977-05-16T00:00:00.000000000,8.728445
233,1977-06-16T00:00:00.000000000,9.054455
234,1977-07-16T00:00:00.000000000,9.344304
235,1977-08-16T00:00:00.000000000,9.418663
236,1977-09-16T00:00:00.000000000,9.478058
237,1977-10-16T00:00:00.000000000,9.313126
238,1977-11-16T00:00:00.000000000,9.13702
239,1977-12-16T00:00:00.000000000,8.996853
240,1978-01-16T00:00:00.000000000,8.914588
241,1978-02-15T00:00:00.000000000,8.98347
242,1978-03-16T00:00:00.000000000,8.839817
243,1978-04-16T00:00:00.000000000,8.647224
244,1978-05-16T00:00:00.000000000,8.804119
245,1978-06-16T00:00:00.000000000,8.982931
246,1978-07-16T00:00:00.000000000,9.144137
247,1978-08-16T00:00:00.000000000,9.30987
248,1978-09-16T00:00:00.000000000,9.334658
249,1978-10-16T00:00:00.000000000,9.471821
250,1978-11-16T00:00:00.000000000,9.422703
251,1978-12-16T00:00:00.000000000,9.344175
252,1979-01-16T00:00:00.000000000,9.105
253,1979-02-15T00:00:00.000000000,9.047487
254,1979-03-16T00:00:00.000000000,8.837046
255,1979-04-16T00:00:00.000000000,8.994545
256,1979-05-16T00:00:00.000000000,9.073532
257,1979-06-16T00:00:00.000000000,9.219151
258,1979-07-16T00:00:00.000000000,9.4025955
259,1979-08-16T00:00:00.000000000,9.524019
260,1979-09-16T00:00:00.000000000,9.447159
261,1979-10-16T00:00:00.000000000,9.3155575
262,1979-11-16T00:00:00.000000000,9.062178
263,1979-12-16T00:00:00.000000000,9.005534
264,1980-01-16T00:00:00.000000000,8.725649
265,1980-02-15T00:00:00.000000000,8.807545
266,1980-03-16T00:00:00.000000000,8.694567
267,1980-04-16T00:00:00.000000000,8.865522
268,1980-05-16T00:00:00.000000000,8.899475
269,1980-06-16T00:00:00.000000000,9.198163
270,1980-07-16T00:00:00.000000000,9.251511
271,1980-08-16T00:00:00.000000000,9.283218
272,1980-09-16T00:00:00.000000000,9.267611
273,1980-10-16T00:00:00.000000000,9.195122
274,1980-11-16T00:00:00.000000000,9.044217
275,1980-12-16T00:00:00.000000000,8.964962
276,1981-01-16T00:00:00.000000000,8.814644
277,1981-02-15T00:00:00.000000000,8.895495
278,1981-03-16T00:00:00.000000000,9.061014
279,1981-04-16T00:00:00.000000000,8.954578
280,1981-05-16T00:00:00.000000000,9.009864
281,1981-06-16T00:00:00.000000000,9.026007
282,1981-07-16T00:00:00.000000000,9.210603
283,1981-08-16T00:00:00.000000000,9.286682
284,1981-09-16T00:00:00.000000000,9.339827
285,1981-10-16T00:00:00.000000000,9.215404
286,1981-11-16T00:00:00.000000000,8.979272
287,1981-12-16T00:00:00.000000000,8.798859
288,1982-01-16T00:00:00.000000000,8.702578
289,1982-02-15T00:00:00.000000000,8.797831
290,1982-03-16T00:00:00.000000000,8.8009
291,1982-04-16T00:00:00.000000000,8.848922
292,1982-05-16T00:00:00.000000000,8.738062
293,1982-06-16T00:00:00.000000000,9.066278
294,1982-07-16T00:00:00.000000000,9.405176
295,1982-08-16T00:00:00.000000000,9.665697
296,1982-09-16T00:00:00.000000000,9.601358
297,1982-10-16T00:00:00.000000000,9.488716
298,1982-11-16T00:00:00.000000000,9.433916
299,1982-12-16T00:00:00.000000000,8.9049015
300,1983-01-16T00:00:00.000000000,8.954964
301,1983-02-15T00:00:00.000000000,9.065857
302,1983-03-16T00:00:00.000000000,8.957317
303,1983-04-16T00:00:00.000000000,8.68018
304,1983-05-16T00:00:00.000000000,8.654338
305,1983-06-16T00:00:00.000000000,8.897635
306,1983-07-16T00:00:00.000000000,9.323608
307,1983-08-16T00:00:00.000000000,9.3191185
308,1983-09-16T00:00:00.000000000,9.0863285
309,1983-10-16T00:00:00.000000000,8.792173
310,1983-11-16T00:00:00.000000000,8.771181
311,1983-12-16T00:00:00.000000000,8.565578
312,1984-01-16T00:00:00.000000000,8.447927
313,1984-02-15T00:00:00.000000000,8.62957
314,1984-03-16T00:00:00.000000000,8.678182
315,1984-04-16T00:00:00.000000000,8.766004
316,1984-05-16T00:00:00.000000000,8.806675
317,1984-06-16T00:00:00.000000000,8.920179
318,1984-07-16T00:00:00.000000000,9.114837
319,1984-08-16T00:00:00.000000000,9.147594
320,1984-09-16T00:00:00.000000000,8.97047
321,1984-10-16T00:00:00.000000000,8.951523
322,1984-11-16T00:00:00.000000000,8.877956
323,1984-12-16T00:00:00.000000000,8.7956505
324,1985-01-16T00:00:00.000000000,8.740543
325,1985-02-15T00:00:00.000000000,8.69919
326,1985-03-16T00:00:00.000000000,8.804498
327,1985-04-16T00:00:00.000000000,8.719429
328,1985-05-16T00:00:00.000000000,8.774775
329,1985-06-16T00:00:00.000000000,8.90251
330,1985-07-16T00:00:00.000000000,8.976038
331,1985-08-16T00:00:00.000000000,9.088224
332,1985-09-16T00:00:00.000000000,8.962746
333,1985-10-16T00:00:00.000000000,8.931202
334,1985-11-16T00:00:00.000000000,8.79295
335,1985-12-16T00:00:00.000000000,8.612662
336,1986-01-16T00:00:00.000000000,8.630705
337,1986-02-15T00:00:00.000000000,8.761342
338,1986-03-16T00:00:00.000000000,8.622705
339,1986-04-16T00:00:00.000000000,8.704624
340,1986-05-16T00:00:00.000000000,8.700203
341,1986-06-16T00:00:00.000000000,9.048063
342,1986-07-16T00:00:00.000000000,9.297495
343,1986-08-16T00:00:00.000000000,9.394094
344,1986-09-16T00:00:00.000000000,9.4388485
345,1986-10-16T00:00:00.000000000,9.335905
346,1986-11-16T00:00:00.000000000,9.163621
347,1986-12-16T00:00:00.000000000,9.140486
348,1987-01-16T00:00:00.000000000,8.950827
349,1987-02-15T00:00:00.000000000,9.068254
350,1987-03-16T00:00:00.000000000,8.927441
351,1987-04-16T00:00:00.000000000,8.852334
352,1987-05-16T00:00:00.000000000,9.042032
353,1987-06-16T00:00:00.000000000,9.203318
354,1987-07-16T00:00:00.000000000,9.369219
355,1987-08-16T00:00:00.000000000,9.4521055
356,1987-09-16T00:00:00.000000000,9.374674
357,1987-10-16T00:00:00.000000000,9.27184
358,1987-11-16T00:00:00.000000000,9.0142
359,1987-12-16T00:00:00.000000000,8.811014
360,1988-01-16T00:00:00.000000000,8.906465
361,1988-02-15T00:00:00.000000000,8.815138
362,1988-03-16T00:00:00.000000000,8.775821
363,1988-04-16T00:00:00.000000000,8.750771
364,1988-05-16T00:00:00.000000000,8.801018
365,1988-06-16T00:00:00.000000000,8.807781
366,1988-07-16T00:00:00.000000000,8.887063
367,1988-08-16T00:00:00.000000000,8.955466
368,1988-09-16T00:00:00.000000000,8.913618
369,1988-10-16T00:00:00.000000000,8.788254
370,1988-11-16T00:00:00.000000000,8.662785
371,1988-12-16T00:00:00.000000000,8.693215
372,1989-01-16T00:00:00.000000000,8.723298
373,1989-02-15T00:00:00.000000000,8.828318
374,1989-03-16T00:00:00.000000000,8.765919
375,1989-04-16T00:00:00.000000000,8.804148
376,1989-05-16T00:00:00.000000000,8.822508
377,1989-06-16T00:00:00.000000000,8.931905
378,1989-07-16T00:00:00.000000000,9.068224
379,1989-08-16T00:00:00.000000000,9.156216
380,1989-09-16T00:00:00.000000000,9.149767
381,1989-10-16T00:00:00.000000000,9.059994
382,1989-11-16T00:00:00.000000000,8.887911
383,1989-12-16T00:00:00.000000000,8.911819
384,1990-01-16T00:00:00.000000000,8.850933
385,1990-02-15T00:00:00.000000000,8.955143
386,1990-03-16T00:00:00.000000000,8.919994
387,1990-04-16T00:00:00.000000000,8.899447
388,1990-05-16T00:00:00.000000000,8.942285
389,1990-06-16T00:00:00.000000000,9.057464
390,1990-07-16T00:00:00.000000000,9.110653
391,1990-08-16T00:00:00.000000000,9.250341
392,1990-09-16T00:00:00.000000000,9.2859335
393,1990-10-16T00:00:00.000000000,8.986969
394,1990-11-16T00:00:00.000000000,8.873894
395,1990-12-16T00:00:00.000000000,8.782314
396,1991-01-16T00:00:00.000000000,8.58607
397,1991-02-15T00:00:00.000000000,8.650432
398,1991-03-16T00:00:00.000000000,8.804153
399,1991-04-16T00:00:00.000000000,8.708311
400,1991-05-16T00:00:00.000000000,8.814576
401,1991-06-16T00:00:00.000000000,8.975204
402,1991-07-16T00:00:00.000000000,9.186676
403,1991-08-16T00:00:00.000000000,9.340119
404,1991-09-16T00:00:00.000000000,9.365904
405,1991-10-16T00:00:00.000000000,9.342242
406,1991-11-16T00:00:00.000000000,9.323267
407,1991-12-16T00:00:00.000000000,9.143702
408,1992-01-16T00:00:00.000000000,9.133552
409,1992-02-15T00:00:00.000000000,9.023619
410,1992-03-16T00:00:00.000000000,9.195776
411,1992-04-16T00:00:00.000000000,9.103733
412,1992-05-16T00:00:00.000000000,9.2235775
413,1992-06-16T00:00:00.000000000,9.29987
414,1992-07-16T00:00:00.000000000,9.463093
415,1992-08-16T00:00:00.000000000,9.358869
416,1992-09-16T00:00:00.000000000,9.313391
417,1992-10-16T00:00:00.000000000,9.299261
418,1992-11-16T00:00:00.000000000,9.229227
419,1992-12-16T00:00:00.000000000,8.920618
420,1993-01-16T00:00:00.000000000,9.126659
421,1993-02-15T00:00:00.000000000,9.112128
422,1993-03-16T00:00:00.000000000,9.175685
423,1993-04-16T00:00:00.000000000,9.09557
424,1993-05-16T00:00:00.000000000,9.240438
425,1993-06-16T00:00:00.000000000,9.34853
426,1993-07-16T00:00:00.000000000,9.427429
427,1993-08-16T00:00:00.000000000,9.522539
428,1993-09-16T00:00:00.000000000,9.510784
429,1993-10-16T00:00:00.000000000,9.4574795
430,1993-11-16T00:00:00.000000000,9.224327
431,1993-12-16T00:00:00.000000000,8.884947
432,1994-01-16T00:00:00.000000000,8.832287
433,1994-02-15T00:00:00.000000000,8.772658
434,1994-03-16T00:00:00.000000000,8.696399
435,1994-04-16T00:00:00.000000000,8.829898
436,1994-05-16T00:00:00.000000000,8.865896
437,1994-06-16T00:00:00.000000000,8.98316
438,1994-07-16T00:00:00.000000000,9.158109
439,1994-08-16T00:00:00.000000000,9.235181
440,1994-09-16T00:00:00.000000000,9.31739
441,1994-10-16T00:00:00.000000000,9.322113
442,1994-11-16T00:00:00.000000000,9.128341
443,1994-12-16T00:00:00.000000000,8.996445
444,1995-01-16T00:00:00.000000000,8.888676
445,1995-02-15T00:00:00.000000000,8.754849
446,1995-03-16T00:00:00.000000000,8.763465
447,1995-04-16T00:00:00.000000000,8.677578
448,1995-05-16T00:00:00.000000000,8.818848
449,1995-06-16T00:00:00.000000000,8.932902
450,1995-07-16T00:00:00.000000000,9.123959
451,1995-08-16T00:00:00.000000000,9.186504
452,1995-09-16T00:00:00.000000000,9.193041
453,1995-10-16T00:00:00.000000000,9.040423
454,1995-11-16T00:00:00.000000000,9.046371
455,1995-12-16T00:00:00.000000000,8.846373
456,1996-01-16T00:00:00.000000000,8.854246
457,1996-02-15T00:00:00.000000000,8.701137
458,1996-03-16T00:00:00.000000000,8.839191
459,1996-04-16T00:00:00.000000000,8.790525
460,1996-05-16T00:00:00.000000000,8.989644
461,1996-06-16T00:00:00.000000000,9.201565
462,1996-07-16T00:00:00.000000000,9.287958
463,1996-08-16T00:00:00.000000000,9.316282
464,1996-09-16T00:00:00.000000000,9.183544
465,1996-10-16T00:00:00.000000000,9.056458
466,1996-11-16T00:00:00.000000000,8.798332
467,1996-12-16T00:00:00.000000000,8.859408
468,1997-01-16T00:00:00.000000000,8.976212
469,1997-02-15T00:00:00.000000000,8.884825
470,1997-03-16T00:00:00.000000000,8.978901
471,1997-04-16T00:00:00.000000000,9.044916
472,1997-05-16T00:00:00.000000000,9.264082
473,1997-06-16T00:00:00.000000000,9.482316
474,1997-07-16T00:00:00.000000000,9.533701
475,1997-08-16T00:00:00.000000000,9.694
476,1997-09-16T00:00:00.000000000,9.748819
477,1997-10-16T00:00:00.000000000,9.688309
478,1997-11-16T00:00:00.000000000,9.510914
479,1997-12-16T00:00:00.000000000,9.226795
480,1998-01-16T00:00:00.000000000,9.193417
481,1998-02-15T00:00:00.000000000,9.026587
482,1998-03-16T00:00:00.000000000,8.925457
483,1998-04-16T00:00:00.000000000,8.817364
484,1998-05-16T00:00:00.000000000,8.894064
485,1998-06-16T00:00:00.000000000,9.018089
486,1998-07-16T00:00:00.000000000,9.231334
487,1998-08-16T00:00:00.000000000,9.209897
488,1998-09-16T00:00:00.000000000,9.119369
489,1998-10-16T00:00:00.000000000,8.977472
490,1998-11-16T00:00:00.000000000,8.835169
491,1998-12-16T00:00:00.000000000,8.8314
492,1999-01-16T00:00:00.000000000,8.757288
493,1999-02-15T00:00:00.000000000,8.940815
494,1999-03-16T00:00:00.000000000,8.893875
495,1999-04-16T00:00:00.000000000,8.652672
496,1999-05-16T00:00:00.000000000,8.783352
497,1999-06-16T00:00:00.000000000,8.945915
498,1999-07-16T00:00:00.000000000,9.09429
499,1999-08-16T00:00:00.000000000,9.123248
500,1999-09-16T00:00:00.000000000,8.985296
501,1999-10-16T00:00:00.000000000,8.8385935
502,1999-11-16T00:00:00.000000000,8.789894
503,1999-12-16T00:00:00.000000000,8.661152
504,2000-01-16T00:00:00.000000000,8.654724
505,2000-02-15T00:00:00.000000000,8.702571
506,2000-03-16T00:00:00.000000000,8.834362
507,2000-04-16T00:00:00.000000000,8.865988
508,2000-05-16T00:00:00.000000000,8.951808
509,2000-06-16T00:00:00.000000000,9.13035
510,2000-07-16T00:00:00.000000000,9.221055
511,2000-08-16T00:00:00.000000000,9.264506
512,2000-09-16T00:00:00.000000000,9.097315
513,2000-10-16T00:00:00.000000000,8.916288
514,2000-11-16T00:00:00.000000000,8.731844
515,2000-12-16T00:00:00.000000000,8.778868
516,2001-01-16T00:00:00.000000000,8.677182
517,2001-02-15T00:00:00.000000000,8.798475
518,2001-03-16T00:00:00.000000000,8.735411
519,2001-04-16T00:00:00.000000000,8.712129
520,2001-05-16T00:00:00.000000000,8.831284
521,2001-06-16T00:00:00.000000000,9.049908
522,2001-07-16T00:00:00.000000000,9.243538
523,2001-08-16T00:00:00.000000000,9.337519
524,2001-09-16T00:00:00.000000000,9.284617
525,2001-10-16T00:00:00.000000000,9.121798
526,2001-11-16T00:00:00.000000000,8.864996
527,2001-12-16T00:00:00.000000000,8.793292
528,2002-01-16T00:00:00.000000000,8.694821
529,2002-02-15T00:00:00.000000000,8.736244
530,2002-03-16T00:00:00.000000000,8.758303
531,2002-04-16T00:00:00.000000000,8.667789
532,2002-05-16T00:00:00.000000000,8.685644
533,2002-06-16T00:00:00.000000000,8.939188
534,2002-07-16T00:00:00.000000000,9.202597
535,2002-08-16T00:00:00.000000000,9.460707
536,2002-09-16T00:00:00.000000000,9.5664215
537,2002-10-16T00:00:00.000000000,9.434795
538,2002-11-16T00:00:00.000000000,9.287673
539,2002-12-16T00:00:00.000000000,9.188527
540,2003-01-16T00:00:00.000000000,9.1181965
541,2003-02-15T00:00:00.000000000,9.066242
542,2003-03-16T00:00:00.000000000,9.023525
543,2003-04-16T00:00:00.000000000,8.973272
544,2003-05-16T00:00:00.000000000,8.969158
545,2003-06-16T00:00:00.000000000,9.0211735
546,2003-07-16T00:00:00.000000000,9.12912
547,2003-08-16T00:00:00.000000000,9.285982
548,2003-09-16T00:00:00.000000000,9.402037
549,2003-10-16T00:00:00.000000000,9.100708
550,2003-11-16T00:00:00.000000000,8.889725
551,2003-12-16T00:00:00.000000000,8.6658
552,2004-01-16T00:00:00.000000000,8.601073
553,2004-02-15T00:00:00.000000000,8.399452
554,2004-03-16T00:00:00.000000000,8.47817
555,2004-04-16T00:00:00.000000000,8.573114
556,2004-05-16T00:00:00.000000000,8.8939495
557,2004-06-16T00:00:00.000000000,9.237707
558,2004-07-16T00:00:00.000000000,9.437267
559,2004-08-16T00:00:00.000000000,9.598141
560,2004-09-16T00:00:00.000000000,9.528496
561,2004-10-16T00:00:00.000000000,9.218412
562,2004-11-16T00:00:00.000000000,8.9711075
563,2004-12-16T00:00:00.000000000,8.7795315
564,2005-01-16T00:00:00.000000000,8.724033
565,2005-02-15T00:00:00.000000000,8.79328
566,2005-03-16T00:00:00.000000000,8.605757
567,2005-04-16T00:00:00.000000000,8.613907
568,2005-05-16T00:00:00.000000000,8.975737
569,2005-06-16T00:00:00.000000000,9.096805
570,2005-07-16T00:00:00.000000000,9.175245
571,2005-08-16T00:00:00.000000000,9.212566
572,2005-09-16T00:00:00.000000000,9.284557
573,2005-10-16T00:00:00.000000000,9.062687
574,2005-11-16T00:00:00.000000000,8.735905
575,2005-12-16T00:00:00.000000000,8.510746
576,2006-01-16T00:00:00.000000000,8.458696
577,2006-02-15T00:00:00.000000000,8.695007
578,2006-03-16T00:00:00.000000000,8.631978
579,2006-04-16T00:00:00.000000000,8.674704
580,2006-05-16T00:00:00.000000000,8.632442
581,2006-06-16T00:00:00.000000000,8.912999
582,2006-07-16T00:00:00.000000000,9.140515
583,2006-08-16T00:00:00.000000000,9.412594
584,2006-09-16T00:00:00.000000000,9.322161
585,2006-10-16T00:00:00.000000000,9.309919
586,2006-11-16T00:00:00.000000000,9.074733
587,2006-12-16T00:00:00.000000000,8.953777
588,2007-01-16T00:00:00.000000000,8.719797
589,2007-02-15T00:00:00.000000000,8.757761
590,2007-03-16T00:00:00.000000000,8.555673
591,2007-04-16T00:00:00.000000000,8.752034
592,2007-05-16T00:00:00.000000000,8.709713
593,2007-06-16T00:00:00.000000000,8.911276
594,2007-07-16T00:00:00.000000000,9.123629
595,2007-08-16T00:00:00.000000000,9.169639
596,2007-09-16T00:00:00.000000000,9.098776
597,2007-10-16T00:00:00.000000000,8.974382
598,2007-11-16T00:00:00.000000000,8.916264
599,2007-12-16T00:00:00.000000000,8.863116
600,2008-01-16T00:00:00.000000000,8.905308
601,2008-02-15T00:00:00.000000000,8.682455
602,2008-03-16T00:00:00.000000000,8.688413
603,2008-04-16T00:00:00.000000000,8.810144
604,2008-05-16T00:00:00.000000000,8.899178
605,2008-06-16T00:00:00.000000000,9.087815
606,2008-07-16T00:00:00.000000000,9.157982
607,2008-08-16T00:00:00.000000000,9.237583
608,2008-09-16T00:00:00.000000000,9.27471
609,2008-10-16T00:00:00.000000000,9.11101
610,2008-11-16T00:00:00.000000000,9.063946
611,2008-12-16T00:00:00.000000000,8.828466
612,2009-01-16T00:00:00.000000000,8.800372
613,2009-02-15T00:00:00.000000000,8.688223
614,2009-03-16T00:00:00.000000000,8.505623
615,2009-04-16T00:00:00.000000000,8.648916
616,2009-05-16T00:00:00.000000000,8.782856
617,2009-06-16T00:00:00.000000000,8.862371
618,2009-07-16T00:00:00.000000000,9.063269
619,2009-08-16T00:00:00.000000000,9.232665
620,2009-09-16T00:00:00.000000000,9.325502
621,2009-10-16T00:00:00.000000000,9.109984
622,2009-11-16T00:00:00.000000000,8.986877
623,2009-12-16T00:00:00.000000000,8.850937
624,2010-01-16T00:00:00.000000000,8.741049
625,2010-02-15T00:00:00.000000000,8.803268
626,2010-03-16T00:00:00.000000000,8.899813
627,2010-04-16T00:00:00.000000000,8.566365
628,2010-05-16T00:00:00.000000000,8.773838
629,2010-06-16T00:00:00.000000000,8.786958
630,2010-07-16T00:00:00.000000000,9.095032
631,2010-08-16T00:00:00.000000000,9.240429
632,2010-09-16T00:00:00.000000000,9.230686
633,2010-10-16T00:00:00.000000000,9.112355
634,2010-11-16T00:00:00.000000000,9.042257
635,2010-12-16T00:00:00.000000000,9.044199
636,2011-01-16T00:00:00.000000000,9.003149
637,2011-02-15T00:00:00.000000000,8.980518
638,2011-03-16T00:00:00.000000000,8.933963
639,2011-04-16T00:00:00.000000000,8.862129
640,2011-05-16T00:00:00.000000000,8.907684
641,2011-06-16T00:00:00.000000000,9.101997
642,2011-07-16T00:00:00.000000000,9.352013
643,2011-08-16T00:00:00.000000000,9.443086
644,2011-09-16T00:00:00.000000000,9.394806
645,2011-10-16T00:00:00.000000000,9.147872
646,2011-11-16T00:00:00.000000000,8.944714
647,2011-12-16T00:00:00.000000000,8.771846
648,2012-01-16T00:00:00.000000000,8.663855
649,2012-02-15T00:00:00.000000000,8.816503
650,2012-03-16T00:00:00.000000000,8.794396
651,2012-04-16T00:00:00.000000000,8.841981
652,2012-05-16T00:00:00.000000000,8.721193
653,2012-06-16T00:00:00.000000000,9.029096
654,2012-07-16T00:00:00.000000000,9.190079
655,2012-08-16T00:00:00.000000000,9.325271
656,2012-09-16T00:00:00.000000000,9.177311
657,2012-10-16T00:00:00.000000000,9.080984
658,2012-11-16T00:00:00.000000000,8.8347845
659,2012-12-16T00:00:00.000000000,8.7313385
660,2013-01-16T00:00:00.000000000,8.62181
661,2013-02-15T00:00:00.000000000,8.659198
662,2013-03-16T00:00:00.000000000,8.647591
663,2013-04-16T00:00:00.000000000,8.590855
664,2013-05-16T00:00:00.000000000,8.756857
665,2013-06-16T00:00:00.000000000,8.902594
666,2013-07-16T00:00:00.000000000,9.131193
667,2013-08-16T00:00:00.000000000,9.208379
668,2013-09-16T00:00:00.000000000,9.359587
669,2013-10-16T00:00:00.000000000,9.2317295
670,2013-11-16T00:00:00.000000000,8.937206
671,2013-12-16T00:00:00.000000000,8.298574
672,2014-01-16T00:00:00.000000000,8.845285
673,2014-02-15T00:00:00.000000000,8.942642
674,2014-03-16T00:00:00.000000000,9.026922
675,2014-04-16T00:00:00.000000000,9.020652
676,2014-05-16T00:00:00.000000000,9.014725
677,2014-06-16T00:00:00.000000000,9.126103
678,2014-07-16T00:00:00.000000000,9.296198
679,2014-08-16T00:00:00.000000000,9.330664
680,2014-09-16T00:00:00.000000000,9.134517
681,2014-10-16T00:00:00.000000000,9.03741
682,2014-11-16T00:00:00.000000000,8.960117
683,2014-12-16T00:00:00.000000000,8.731428
684,2015-01-16T00:00:00.000000000,8.6236725
685,2015-02-15T00:00:00.000000000,8.773087
686,2015-03-16T00:00:00.000000000,8.79977
687,2015-04-16T00:00:00.000000000,8.79113
688,2015-05-16T00:00:00.000000000,8.951422
689,2015-06-16T00:00:00.000000000,9.332373
690,2015-07-16T00:00:00.000000000,9.406189
691,2015-08-16T00:00:00.000000000,9.732795
692,2015-09-16T00:00:00.000000000,9.729406
693,2015-10-16T00:00:00.000000000,9.659487
694,2015-11-16T00:00:00.000000000,9.153051
695,2015-12-16T00:00:00.000000000,8.889933
696,2016-01-16T00:00:00.000000000,8.875196
697,2016-02-15T00:00:00.000000000,8.792054
698,2016-03-16T00:00:00.000000000,8.742044
699,2016-04-16T00:00:00.000000000,8.804174
700,2016-05-16T00:00:00.000000000,8.899933
701,2016-06-16T00:00:00.000000000,8.945011
702,2016-07-16T00:00:00.000000000,9.017624
703,2016-08-16T00:00:00.000000000,9.107419
704,2016-09-16T00:00:00.000000000,9.094356
705,2016-10-16T00:00:00.000000000,8.972326
706,2016-11-16T00:00:00.000000000,8.892752
707,2016-12-16T00:00:00.000000000,8.87067
708,2017-01-16T00:00:00.000000000,8.710613
709,2017-02-15T00:00:00.000000000,8.638414
710,2017-03-16T00:00:00.000000000,8.598027
711,2017-04-16T00:00:00.000000000,8.497087
712,2017-05-16T00:00:00.000000000,8.672562
713,2017-06-16T00:00:00.000000000,8.957358
714,2017-07-16T00:00:00.000000000,9.166592
715,2017-08-16T00:00:00.000000000,9.226332
716,2017-09-16T00:00:00.000000000,9.173395
717,2017-10-16T00:00:00.000000000,9.087456
718,2017-11-16T00:00:00.000000000,8.927078
719,2017-12-16T00:00:00.000000000,8.885223
720,2018-01-16T00:00:00.000000000,8.789161
721,2018-02-15T00:00:00.000000000,8.896654
722,2018-03-16T00:00:00.000000000,8.882553
723,2018-04-16T00:00:00.000000000,8.836797
724,2018-05-16T00:00:00.000000000,8.942658
725,2018-06-16T00:00:00.000000000,9.091583
726,2018-07-16T00:00:00.000000000,9.2638645
727,2018-08-16T00:00:00.000000000,9.288913
728,2018-09-16T00:00:00.000000000,9.253626
729,2018-10-16T00:00:00.000000000,9.128222
730,2018-11-16T00:00:00.000000000,8.999142
731,2018-12-16T00:00:00.000000000,8.798088
