name,path,path_num,d18o_pdb,age_orig,age_edited,delta_days
12 SPL A Path O 1A,O,1,-4.91700,1936.916006,1936.986457,25.73
12 SPL A Path O 2A,O,2,-5.09995,1937.022178,1937.090823,25.07
12 SPL A Path O 3A,O,3,-5.17458,1937.128349,1937.191574,23.09
12 SPL A Path O 4A,O,4,-5.11966,1937.234520,1937.258004,8.58
12 SPL A Path O 5A,O,5,-4.99333,1937.340692,1937.398498,21.11
12 SPL A Path O 6A,O,6,-5.00381,1937.446863,1937.557056,40.25
12 SPL A Path O 7A,O,7,-5.00956,1937.553034,1937.666840,41.57
12 SPL A Path O 8A,O,8,-4.95785,1937.659206,1937.776625,42.89
12 SPL A Path O 9A,O,9,-5.09178,1937.765377,1937.904473,50.80
12 SPL A Path O 10A,O,10,-5.08596,1937.871548,1938.013754,51.94
12 SPL A Path O 11A,O,11,-5.19376,1937.955368,1938.101690,53.44
12 SPL A Path O 12A,O,12,-5.19718,1938.039187,1938.220334,66.16
21 SPL A Path O 13A,O,13,-5.12274,1938.123007,1938.289199,60.70
22 SPL A Path O 14A,O,14,-5.09768,1938.206826,1938.363484,57.22
23 SPL A Path O 15A,O,15,-4.95606,1938.290646,1938.426355,49.57
24 SPL A Path O 16A,O,16,-4.88507,1938.374465,1938.489000,41.83
25 SPL A Path O 17A,O,17,-4.77779,1938.458285,1938.539000,29.48
26 SPL A Path O 18A,O,18,-5.06566,1938.542104,1938.688426,53.44
27 SPL A Path O 19A,O,19,-4.97976,1938.709743,1938.789226,29.03
28 SPL A Path O 20A,O,20,-5.23497,1938.877382,1939.009252,48.17
12 SPL A Path N 1A,N,1,-4.99260,1938.927674,1938.902140,-9.33
12 SPL A Path N 2A,N,2,-5.09494,1939.031051,1939.106242,27.46
12 SPL A Path N 3A,N,3,-5.03896,1939.134429,1939.258312,45.25
12 SPL A Path N 4A,N,4,-4.82384,1939.237806,1939.342263,38.15
12 SPL A Path N 5A,N,5,-4.62662,1939.341183,1939.440294,36.20
12 SPL A Path N 6A,N,6,-4.63255,1939.444561,1939.511518,24.46
12 SPL A Path N 7A,N,7,-4.84372,1939.547938,1939.561518,4.96
12 SPL A Path N 8A,N,8,-4.79103,1939.659697,1939.659697,0.00
12 SPL A Path N 9A,N,9,-4.86329,1939.771457,1939.736827,-12.65
12 SPL A Path N 10A,N,10,-4.86911,1939.883216,1939.810205,-26.67
12 SPL A Path N 11A,N,11,-4.99061,1939.994975,1939.887301,-39.33
12 SPL A Path N 12A,N,12,-5.12042,1940.106735,1939.975172,-48.05
12 SPL A Path N 13A,N,13,-4.81925,1940.218494,1940.114898,-37.84
12 SPL A Path N 14A,N,14,-4.79547,1940.330253,1940.256530,-26.93
12 SPL A Path N 15A,N,15,-4.86169,1940.442013,1940.442013,0.00
12 SPL A Path N 16A,N,16,-4.76220,1940.553772,1940.586150,11.83
12 SPL A Path N 17A,N,17,-4.88922,1940.665531,1940.807466,51.84
12 SPL A Path N 18A,N,18,-4.83130,1940.777291,1940.908166,47.80
12 SPL A Path N 19A,N,19,-4.94938,1940.889050,1941.067445,65.16
12 SPL A Path N 20A,N,20,-4.96664,1941.056689,1941.230844,63.61
12 SPL A Path N 21A,N,21,-4.83074,1941.224328,1941.433026,76.23
12 SPL A Path N 22A,N,22,-4.77776,1941.391967,1941.509606,42.97
12 SPL A Path N 23A,N,23,-4.90276,1941.559606,1941.587624,10.23
12 SPL A Path N 24A,N,24,-4.80248,1941.671365,1941.671365,0.00
12 SPL A Path N 25A,N,25,-4.86829,1941.783124,1941.783124,0.00
12 SPL A Path N 26A,N,26,-4.98085,1941.894884,1941.894884,0.00
12 SPL A Path N 27A,N,27,-5.00759,1941.990677,1941.990677,0.00
12 SPL A Path N 28A,N,28,-5.06477,1942.086471,1942.195042,39.66
12 SPL A Path N 29A,N,29,-4.99621,1942.182265,1942.343633,58.94
12 SPL A Path N 30A,N,30,-4.84360,1942.278058,1942.421916,52.54
12 SPL A Path N 31A,N,31,-4.77664,1942.373852,1942.517710,52.54
12 SPL A Path N 32A,N,32,-4.70843,1942.469646,1942.588988,43.59
12 SPL A Path N 33A,N,33,-5.18923,1942.565440,1942.667006,37.10
12 SPL A Path N 34A,N,34,-4.83074,1942.677199,1942.750747,26.86
12 SPL A Path N 35A,N,35,-5.04248,1942.788958,1942.848497,21.75
12 SPL A Path N 36A,N,36,-4.91982,1942.900718,1942.960257,21.75
12 SPL A Path N 37A,N,37,-5.05088,1943.034829,1943.059345,8.95
12 SPL A Path N 38A,N,38,-5.02934,1943.168940,1943.168940,0.00
12 SPL A Path N 39A,N,39,-4.98814,1943.303051,1943.303051,0.00
12 SPL A Path N 40A,N,40,-4.80107,1943.437162,1943.437162,0.00
12 SPL A Path N 41A,N,41,-4.82210,1943.571273,1943.620305,17.91
12 SPL A Path N 42A,N,42,-4.77181,1943.638329,1943.753904,42.21
12 SPL A Path N 43A,N,43,-4.95145,1943.705385,1943.831011,45.88
12 SPL A Path N 44A,N,44,-4.92706,1943.772440,1943.933545,58.84
12 SPL A Path N 45A,N,45,-4.92995,1943.839496,1943.989638,54.84
12 SPL A Path N 46A,N,46,-4.94807,1943.906551,1944.101398,71.17
12 SPL A Path N 47A,N,47,-4.78234,1944.018311,1944.266973,90.82
12 SPL A Path N 48A,N,48,-4.67827,1944.130070,1944.377450,90.36
12 SPL A Path N 49A,N,49,-4.60230,1944.241829,1944.427450,67.80
12 SPL A Path N 50A,N,50,-4.74091,1944.353589,1944.480609,46.39
12 SPL A Path N 51A,N,51,-4.69443,1944.465348,1944.583144,43.02
12 SPL A Path N 52A,N,52,-5.09655,1944.577107,1944.650655,26.86
12 SPL A Path N 53A,N,53,-4.15376,1944.688867,1944.723890,12.79
SPL A  Path M 1A,M,1,-4.90419,1944.711218,1944.711218,0.00
12 SPL A Path N 54A,N,54,-4.76655,1944.800626,1944.800626,0.00
SPL A  Path M 2A,M,2,-5.17266,1944.811802,1944.811802,0.00
12 SPL A Path N 55A,N,55,-4.75262,1944.912385,1944.922892,3.84
SPL A  Path M 3A,M,3,-4.99756,1944.912385,1944.912385,0.00
SPL A  Path M 4A,M,4,-4.98691,1945.080024,1945.080024,0.00
12 SPL A Path N 56A,N,56,-4.39898,1945.135904,1945.093877,-15.35
SPL A  Path M 5A,M,5,-4.68179,1945.247663,1945.247663,0.00
12 SPL A Path N 57A,N,57,-4.43242,1945.359422,1945.236842,-44.77
SPL A  Path M 6A,M,6,-4.60189,1945.415302,1945.478103,22.94
12 SPL A Path N 58A,N,58,-4.51217,1945.582941,1945.581000,-0.71
SPL A  Path M 7A,M,7,-4.78165,1945.582941,1945.582941,0.00
12 SPL A Path N 59A,N,59,-5.13427,1945.594117,1945.631000,13.47
12 SPL A Path N 60A,N,60,-4.80268,1945.605293,1945.682941,28.36
12 SPL A Path N 61A,N,61,-4.97725,1945.616469,1945.616469,0.00
SPL A  Path M 8A,M,8,-4.92955,1945.694700,1945.783693,32.50
SPL A  Path M 9A,M,9,-5.20368,1945.806460,1945.847702,15.06
SPL A  Path M 10A,M,10,-5.48392,1945.918219,1945.908209,-3.66
SPL A  Path M 11A,M,11,-5.38752,1946.029978,1945.992198,-13.80
SPL A  Path M 12A,M,12,-5.20424,1946.141738,1946.089949,-18.92
SPL A  Path M 13A,M,13,-5.29486,1946.253497,1946.224725,-10.51
SPL A  Path M 14A,M,14,-4.96101,1946.365256,1946.330730,-12.61
SPL A  Path M 15A,M,15,-5.11336,1946.477016,1946.442490,-12.61
SPL A  Path M 16A,M,16,-5.04422,1946.588775,1946.560003,-10.51
SPL A  Path M 17A,M,17,-5.03087,1946.700534,1946.729306,10.51
SPL A  Path M 18A,M,18,-5.64411,1946.812294,1946.881346,25.22
SPL A  Path M 19A,M,19,-5.40446,1946.924053,1946.953882,10.89
SPL A  Path M 20A,M,20,-5.40128,1947.147571,1947.169884,8.15
SPL A  Path M 21A,M,21,-5.22553,1947.371090,1947.336564,-12.61
SPL A  Path M 22A,M,22,-4.86321,1947.594609,1947.554328,-14.71
SPL A  Path M 23A,M,23,-5.15866,1947.661664,1947.644401,-6.31
SPL A  Path M 24A,M,24,-4.93254,1947.728720,1947.769001,14.71
SPL A  Path M 25A,M,25,-5.11108,1947.795776,1947.847357,18.84
SPL A  Path M 26A,M,26,-5.17661,1947.862831,1947.897357,12.61
12 SPL A M 27A,M,27,-5.18090,1947.929887,1947.993185,23.12
12 SPL A M 28A,M,28,-5.19171,1948.153405,1948.141896,-4.20
12 SPL A M 29A,M,29,-5.46300,1948.376924,1948.376924,0.00
12 SPL A M 30A,M,30,-5.60350,1948.600443,1948.560162,-14.71
12 SPL A M 31A,M,31,-4.64434,1948.768082,1948.699030,-25.22
12 SPL A M 32A,M,32,-5.24629,1948.935721,1948.976002,14.71
12 SPL A M 33A,M,33,-5.07910,1949.159239,1949.096829,-22.80
12 SPL A M 34A,M,34,-5.22498,1949.382758,1949.330969,-18.92
12 SPL A M 35A,M,35,-4.95691,1949.606276,1949.686837,29.42
12 SPL A M 36A,M,36,-5.06061,1949.991846,1949.899776,-33.63
12 SPL A M 37A,M,37,-5.27391,1950.142721,1950.041846,-36.84
12 SPL A M 38A,M,38,-5.42280,1950.377416,1950.342890,-12.61
12 SPL A M 39A,M,39,-5.09129,1950.612110,1950.392890,-80.07
12 SPL A M 40A,M,40,-5.26846,1950.695930,1950.442890,-92.42
12 SPL A4 M 41A,M,41,-5.14886,1950.779749,1950.784777,1.84
12 SPL A4 M 42A,M,42,-5.43131,1950.863569,1950.867413,1.40
12 SPL A4 M 43A,M,43,-5.17391,1950.947388,1950.917413,-10.95
12 SPL A4 M 44A,M,44,-5.08891,1951.170907,1951.315757,52.91
12 SPL A4 M 45A,M,45,-4.91670,1951.394425,1951.448411,19.72
12 SPL A4 M 46A,M,46,-4.89759,1951.617944,1951.547688,-25.66
12 SPL A4 M 47A,M,47,-4.87273,1951.673824,1951.673824,0.00
12 SPL A4 M 48A,M,48,-4.91279,1951.729703,1951.729703,0.00
12 SPL A4 M 49A,M,49,-4.98112,1951.785583,1951.825163,14.46
12 SPL A4 M 50A,M,50,-5.38598,1951.841463,1951.916394,27.37
12 SPL A4 M 51A,M,51,-5.23909,1951.897342,1951.995166,35.73
12 SPL A4 M 52A,M,52,-5.19151,1951.953222,1952.108590,56.75
12 SPL A4 M 53A,M,53,-5.33931,1952.176741,1952.372389,71.46
12 SPL A4 M 54A,M,54,-5.21699,1952.400259,1952.463557,23.12
12 SPL A4 M 55A,M,55,-5.06370,1952.623778,1952.623778,0.00
12 SPL A4 M 56A,M,56,-4.89357,1952.791417,1952.791417,0.00
12 SPL A4 M 57A,M,57,-4.90042,1952.959056,1952.959056,0.00
12 SPL A4 M 58A,M,58,-4.87846,1953.102746,1953.102746,0.00
12 SPL A4 M 59A,M,59,-4.91217,1953.246437,1953.246437,0.00
12 SPL A4 M 60A,M,60,-4.92191,1953.390128,1953.390128,0.00
12 SPL A4 M 61A,M,61,-5.00679,1953.533818,1953.558201,8.91
12 SPL A4 M 62A,M,62,-5.02597,1953.677509,1953.731151,19.59
12 SPL A4 M 63A,M,63,-5.08392,1953.821199,1953.952867,48.09
12 SPL A4 M 64A,M,64,-5.11718,1953.964890,1954.130694,60.56
12 SPL A4 M 65A,M,65,-5.13773,1954.188408,1954.354212,60.56
12 SPL A4 M 66A,M,66,-4.97058,1954.411927,1954.508093,35.12
12 SPL A4 M 67A,M,67,-4.97628,1954.635446,1954.608917,-9.69
12 SPL A4 M 68A,M,68,-4.98185,1954.719265,1954.760521,15.07
12 SPL A4 M 69A,M,69,-5.16851,1954.794901,1954.936581,51.75
12 SPL A4 M 70A,M,70,-5.02981,1954.886904,1955.084406,72.14
12 SPL A4 M 71A,M,71,-5.17124,1954.970724,1955.248363,101.41
12 SPL A4 M 72A,M,72,-5.16553,1955.306001,1955.424447,43.26
12 SPL A4 M 73A,M,73,-5.04481,1955.506250,1955.517679,4.17
12 SPL A4 M 74A,M,74,-5.03580,1955.651050,1955.614589,-13.32
12 SPL A4 M 75A,M,75,-4.89651,1955.730381,1955.787499,20.86
12 SPL A4 M 76A,M,76,-5.20593,1955.793344,1955.905896,41.11
12 SPL A4 M 77A,M,77,-5.20587,1955.905410,1956.087014,66.33
12 SPL A4 M 78A,M,78,-5.32609,1956.025659,1956.238668,77.80
12 SPL A4 M 79A,M,79,-5.29165,1956.151587,1956.380591,83.64
12 SPL A4 M 80A,M,80,-5.04734,1956.244780,1956.449830,74.89
12 SPL A4 M 81A,M,81,-4.95659,1956.378891,1956.505585,46.27
12 SPL A4 M 82A,M,82,-4.88439,1956.513002,1956.576398,23.16
12 SPL A4 M 83A,M,83,-4.95717,1956.647113,1956.673957,9.80
12 SPL A4 M 84A,M,84,-4.78599,1956.758873,1956.793009,12.47
12 SPL A4 M 85A,M,85,-4.87473,1956.870632,1957.044238,63.41
12 SPL A4 M 86A,M,86,-4.90257,1956.982391,1957.203398,80.72
12 SPL A4 M 87A,M,87,-4.96616,1957.100135,1957.414989,115.00
12 SPL A4 M 88A,M,88,-4.86009,1957.250614,1957.464989,78.30
12 SPL A4 M 89A,M,89,-4.89737,1957.384725,1957.576121,69.91
12 SPL A4 M 90A,M,90,-4.71970,1957.518836,1957.626121,39.19
12 SPL A4 M 91A,M,91,-4.96112,1957.652947,1957.828188,64.01
12 SPL A4 M 92A,M,92,-5.03704,1957.736767,1957.878188,51.65
12 SPL A4 M 93A,M,93,-5.14703,1957.820586,1957.966883,53.44
12 SPL A4 M 94A,M,94,-5.25761,1957.904406,1958.040633,49.76
12 SPL A4 M 95A,M,95,-5.85458,1957.988225,1958.115016,46.31
12 SPL A4 M 96A,M,96,-5.25146,1958.211744,1958.260510,17.81
12 SPL A4 M 97A,M,97,-5.07952,1958.382366,1958.382366,0.00
12 SPL A4 M 98A,M,98,-5.00616,1958.541234,1958.541234,0.00
12 SPL A4 M 99A,M,99,-5.01874,1958.691196,1958.691196,0.00
12 SPL A4 M 100A,M,100,-5.32349,1958.917564,1958.917564,0.00
12 SPL A4 M 101A,M,101,-5.23548,1959.020507,1959.020507,0.00
12 SPL A4 M 102A,M,102,-5.16414,1959.173099,1959.173099,0.00
12 SPL A4 M 103A,M,103,-5.33555,1959.389321,1959.389321,0.00
12 SPL A4 M 104A,M,104,-5.10953,1959.439321,1959.439321,0.00
12 SPL A4 M 105A,M,105,-4.83308,1959.592406,1959.592406,0.00
12 SPL A4 M 106A,M,106,-4.87546,1959.741000,1959.741000,0.00
12 SPL A4 M 107A,M,107,-5.12847,1959.817448,1959.817448,0.00
12 SPL A4 M 108A,M,108,-5.31497,1959.899779,1959.899779,0.00
12 SPL A4 M 109A,M,109,-5.45167,1960.008552,1960.008552,0.00
12 SPL A4 M 110A,M,110,-5.29566,1960.089679,1960.089679,0.00
SPL A4 Path L 1A,L,1,-5.23349,1960.279862,1960.279862,0.00
SPL A4 Path L 2A,L,2,-5.05264,1960.403823,1960.403823,0.00
SPL A4 Path L 3A,L,3,-4.93823,1960.515924,1960.515924,0.00
SPL A4 Path L 4A,L,4,-5.07399,1960.602644,1960.602644,0.00
SPL A4 Path L 5A,L,5,-5.09186,1960.811332,1960.811332,0.00
SPL A4 Path L 6A,L,6,-5.14789,1960.984475,1960.984475,0.00
SPL A4 Path L 7A,L,7,-5.27495,1961.159339,1961.159339,0.00
SPL A4 Path L 8A,L,8,-5.12336,1961.289747,1961.289747,0.00
SPL A4 Path L 9A,L,9,-4.95937,1961.468062,1961.468062,0.00
SPL A4 Path L 10A,L,10,-4.91569,1961.544777,1961.544777,0.00
SPL A4 Path L 11A,L,11,-4.89644,1961.641691,1961.641691,0.00
SPL A4 Path L 12A,L,12,-5.09006,1961.799256,1961.799256,0.00
SPL A4 Path L 13A,L,13,-5.04116,1961.875704,1961.875704,0.00
SPL A4 Path L 14A,L,14,-5.16879,1961.946274,1961.946274,0.00
SPL A4 Path L 15A,L,15,-5.09081,1962.030871,1962.030871,0.00
SPL A4 Path L 16A,L,16,-4.96410,1962.199104,1962.199104,0.00
SPL A4 Path L 17A,L,17,-5.02420,1962.378797,1962.378797,0.00
SPL A4 Path L 18A,L,18,-4.72080,1962.586524,1962.586524,0.00
SPL A4 Path L 19A,L,19,-4.90607,1962.723303,1962.723303,0.00
SPL A4 Path L 20A,L,20,-5.15635,1962.868133,1962.868133,0.00
SPL A4 Path L 21A,L,21,-4.86046,1963.065121,1963.065121,0.00
SPL A4 Path L 22A,L,22,-5.06246,1963.182053,1963.182053,0.00
SPL A4 Path L 23A,L,23,-4.99856,1963.370483,1963.370483,0.00
SPL A4 Path L 24A,L,24,-5.36795,1963.446931,1963.446931,0.00
SPL A4 Path L 25A,L,25,-5.47729,1963.555227,1963.555227,0.00
SPL A4 Path L 26A,L,26,-5.00444,1963.612698,1963.612698,0.00
SPL A4 Path L 27A,L,27,-5.16001,1963.768878,1963.768878,0.00
SPL A4 Path L 28A,L,28,-5.10153,1963.932304,1963.932304,0.00
SPL A4 Path L 29A,L,29,-5.09366,1964.075046,1964.075046,0.00
SPL A4 Path L 30A,L,30,-5.47933,1964.181631,1964.181631,0.00
SPL A4 Path L 31A,L,31,-5.33321,1964.287834,1964.287834,0.00
SPL A4 Path L 32A,L,32,-5.19280,1964.393674,1964.393674,0.00
SPL A4 Path L 33A,L,33,-5.29215,1964.499171,1964.499171,0.00
SPL A4 Path L 34A,L,34,-5.00127,1964.604346,1964.604346,0.00
SPL A4 Path L 35A,L,35,-5.10265,1964.709258,1964.709258,0.00
SPL A4 Path L 36A,L,36,-5.13375,1964.850039,1964.850039,0.00
SPL A4 Path L 37A,L,37,-5.17305,1964.990465,1964.990465,0.00
SPL A4 Path L 38A,L,38,-5.50877,1965.177194,1965.177194,0.00
SPL A4 Path L 39A,L,39,-5.38377,1965.363403,1965.363403,0.00
SPL A4 Path L 40A,L,40,-4.29048,1965.549155,1965.549155,0.00
SPL A4 Path L 41A,L,41,-5.08061,1965.616507,1965.616507,0.00
SPL A4 Path L 42A,L,42,-4.99997,1965.714128,1965.714128,0.00
SPL A4 Path L 43A,L,43,-5.18453,1965.868956,1965.868956,0.00
SPL A4 Path L 44A,L,44,-5.07239,1965.983864,1965.983864,0.00
SPL A4 Path L 45A,L,45,-5.11182,1966.173418,1966.173418,0.00
SPL A4 Path K 1A,K,1,-5.01948,1966.716699,1966.716699,0.00
SPL A4 Path K 2A,K,2,-4.97029,1966.862171,1966.862171,0.00
SPL A4 Path K 3A,K,3,-5.20921,1966.912999,1966.912999,0.00
SPL A4 Path K 4A,K,4,-5.17733,1967.046005,1967.046005,0.00
SPL A4 Path K 5A,K,5,-5.23074,1967.117856,1967.117856,0.00
SPL A4 Path K 6A,K,6,-5.22544,1967.234542,1967.234542,0.00
SPL A4 Path K 7A,K,7,-5.13971,1967.315985,1967.315985,0.00
SPL A4 Path K 8A,K,8,-5.03237,1967.380678,1967.380678,0.00
SPL A4 Path K 9A,K,9,-4.99188,1967.464046,1967.464046,0.00
SPL A4 Path K 10A,K,10,-5.09021,1967.514046,1967.514046,0.00
SPL A4 Path K 11A,K,11,-5.19529,1967.564046,1967.564046,0.00
SPL A4 Path K 12A,K,12,-5.20835,1967.617864,1967.617864,0.00
SPL A4 Path K 13A,K,13,-5.21345,1967.690753,1967.690753,0.00
SPL A4 Path K 14A,K,14,-5.08290,1967.740753,1967.740753,0.00
SPL A4 Path K 15A,K,15,-5.16988,1967.790753,1967.790753,0.00
SPL A4 Path K 16A,K,16,-5.01088,1967.840753,1967.840753,0.00
SPL A4 Path K 17A,K,17,-4.94199,1967.890753,1967.890753,0.00
SPL A4 Path K 18A,K,18,-4.97561,1967.976023,1967.976023,0.00
SPL A4 Path K 19A,K,19,-5.05442,1968.026023,1968.026023,0.00
SPL A4 Path K 20A,K,20,-5.17905,1968.076023,1968.076023,0.00
SPL A4 Path K 21A,K,21,-5.23609,1968.251183,1968.251183,0.00
SPL A4 Path K 22A,K,22,-5.03737,1968.460044,1968.460044,0.00
SPL A4 Path K 23A,K,23,-4.93719,1968.641000,1968.641000,0.00
SPL A4 Path K 24A,K,24,-4.90758,1968.864268,1968.864268,0.00
SPL A4 Path K 25A,K,25,-5.04206,1968.979013,1968.979013,0.00
SPL A4 Path K 26A,K,26,-5.01627,1969.143919,1969.143919,0.00
SPL A4 Path K 27A,K,27,-5.08659,1969.193919,1969.193919,0.00
SPL A4 Path K 28A,K,28,-5.08064,1969.439733,1969.439733,0.00
SPL A4 Path K 29A,K,29,-4.91732,1969.588018,1969.588018,0.00
SPL A4 Path K 30A,K,30,-4.67303,1969.733835,1969.733835,0.00
SPL A4 Path K 31A,K,31,-4.82685,1969.792616,1969.792616,0.00
SPL A4 Path K 32A,K,32,-5.01946,1969.948563,1969.948563,0.00
SPL A4 Path K 33A,K,33,-5.28145,1970.046725,1970.046725,0.00
SPL A4 Path K 34A,K,34,-4.93740,1970.496969,1970.496969,0.00
SPL A4 Path K 35A,K,35,-4.82974,1970.600573,1970.600573,0.00
SPL A4 Path K 36A,K,36,-4.90262,1970.688775,1970.688775,0.00
SPL A4 Path K 37A,K,37,-5.06349,1970.759329,1970.759329,0.00
SPL A4 Path K 38A,K,38,-4.76689,1970.917742,1970.917742,0.00
SPL A4 Path K 39A,K,39,-5.07849,1970.967742,1970.967742,0.00
SPL A4 Path K 40A,K,40,-4.91771,1971.057965,1971.057965,0.00
SPL A4 Path K 41A,K,41,-4.95004,1971.142219,1971.142219,0.00
SPL A4 Path K 42A,K,42,-4.99759,1971.235438,1971.235438,0.00
SPL A4 Path K 43A,K,43,-5.23682,1971.314825,1971.314825,0.00
SPL A4 Path K 44A,K,44,-5.09487,1971.408905,1971.408905,0.00
SPL A4 Path K 45A,K,45,-5.01217,1971.479068,1971.479068,0.00
SPL A4 Path K 46A,K,46,-4.89173,1971.536490,1971.536490,0.00
SPL A4 Path K 47A,K,47,-4.87830,1971.671100,1971.671100,0.00
SPL A4 Path K 48A,K,48,-5.02219,1971.806574,1971.806574,0.00
SPL A4 Path K 49A,K,49,-5.04038,1972.079495,1972.079495,0.00
SPL A4 Path K 50A,K,50,-5.05431,1972.325370,1972.325370,0.00
SPL A4 Path K 51A,K,51,-5.23225,1972.390064,1972.390064,0.00
SPL A4 Path K 52A,K,52,-5.05937,1972.440064,1972.440064,0.00
SPL A4 Path K 53A,K,53,-4.87966,1972.490064,1972.490064,0.00
SPL A4 Path K 54A,K,54,-4.79937,1972.540064,1972.540064,0.00
SPL A4 Path K 55A,K,55,-4.97190,1972.597014,1972.597014,0.00
SPL A4 Path K 56A,K,56,-4.99756,1972.664646,1972.664646,0.00
SPL A4 Path K 57A,K,57,-5.28151,1972.842403,1972.842403,0.00
SPL A4 Path K 58A,K,58,-5.32487,1972.901633,1972.901633,0.00
SPL A4 Path K 59A,K,59,-5.16677,1972.979720,1972.979720,0.00
SPL A4 Path K 60A,K,60,-5.04193,1973.022575,1973.022575,0.00
SPL A4 Path K 61A,K,61,-5.08925,1973.065459,1973.065459,0.00
SPL A4 Path K 62A,K,62,-5.07928,1973.108370,1973.108370,0.00
SPL A4 Path K 63A,K,63,-5.15118,1973.194255,1973.194255,0.00
SPL A4 Path K 64A,K,64,-5.37870,1973.256695,1973.256695,0.00
SPL A4 Path K 65A,K,65,-5.17640,1973.366190,1973.366190,0.00
SPL A4 Path K 66A,K,66,-5.33561,1973.451000,1973.451000,0.00
SPL A4 Path K 67A,K,67,-5.15023,1973.509510,1973.509510,0.00
SPL A4 Path K 68A,K,68,-5.10563,1973.566818,1973.566818,0.00
SPL A4 Path K 69A,K,69,-5.02315,1973.624103,1973.624103,0.00
SPL A4 Path K 70A,K,70,-4.92543,1973.706573,1973.706573,0.00
SPL A4 Path K 71A,K,71,-4.95576,1973.839847,1973.839847,0.00
SPL A4 Path K 72A,K,72,-5.03117,1973.972349,1973.972349,0.00
SPL A4 Path K 73A,K,73,-5.30726,1974.115503,1974.115503,0.00
SPL A4 Path K 74A,K,74,-4.95308,1974.233709,1974.233709,0.00
12 SPL-A4 Path J 1A,J,1,-4.89126,1974.450218,1974.450218,0.00
Path J 2A,J,2,-4.81136,1974.592518,1974.592518,0.00
Path J 3A,J,3,-4.93428,1974.686761,1974.686761,0.00
Path J 4A,J,4,-4.94822,1974.785566,1974.785566,0.00
Path J 5A,J,5,-4.97024,1974.862399,1974.862399,0.00
Path J 6A,J,6,-5.11875,1974.912399,1974.912399,0.00
Path J 7A,J,7,-5.03900,1975.055334,1975.055334,0.00
12 SPL-A4 Path I 1A,I,1,-5.29115,1975.100582,1975.100582,0.00
Path J 8A,J,8,-5.05855,1975.130502,1975.130502,0.00
Path I 2A,I,2,-5.24818,1975.189798,1975.189798,0.00
Path J 9A,J,9,-5.06188,1975.204516,1975.204516,0.00
Path J 10A,J,10,-5.09466,1975.277533,1975.277533,0.00
Path I 3A,I,3,-5.31500,1975.277533,1975.277533,0.00
Path J 11A,J,11,-4.92287,1975.385538,1975.385538,0.00
Path I 4A,I,4,-4.99479,1975.421213,1975.421213,0.00
Path J 12A,J,12,-4.89944,1975.492192,1975.492192,0.00
Path I 5A,I,5,-4.88518,1975.562810,1975.562810,0.00
Path J 13A,J,13,-4.88384,1975.598033,1975.598033,0.00
Path J 14A,J,14,-4.75815,1975.675187,1975.675187,0.00
Path I 6A,I,6,-4.95333,1975.745715,1975.745715,0.00
Path J 15A,J,15,-4.88222,1975.814726,1975.814726,0.00
Path I 7A,I,7,-5.09638,1975.953544,1975.953544,0.00
Path J 16A,J,16,-4.96009,1976.111211,1976.111211,0.00
Path I 8A,I,8,-5.21882,1976.275648,1976.275648,0.00
Path J 17A,J,17,-5.09585,1976.321543,1976.321543,0.00
Path I 9A,I,9,-5.18064,1976.355430,1976.355430,0.00
Path J 18A,J,18,-5.08026,1976.396571,1976.396571,0.00
Path J 19A,J,19,-4.88215,1976.509287,1976.509287,0.00
Path I 10A,I,10,-5.00666,1976.527822,1976.527822,0.00
Path J 20A,J,20,-4.78727,1976.582661,1976.582661,0.00
Path J 21A,J,21,-4.78893,1976.672305,1976.672305,0.00
Path I 11A,I,11,-4.87936,1976.724125,1976.724125,0.00
Path I 12A,I,12,-4.93900,1976.819052,1976.819052,0.00
Path J 23A,J,23,-4.73674,1976.777134,1976.777134,0.00
Path J 24A,J,24,-4.78913,1976.837675,1976.837675,0.00
Path I 13A,I,13,-5.00468,1976.869052,1976.869052,0.00
Path J 25A,J,25,-4.83976,1976.878133,1976.878133,0.00
Path I 14A,I,14,-5.22268,1976.919052,1976.919052,0.00
Path J 26A,J,26,-4.91255,1976.919052,1976.919052,0.00
Path J 27A,J,27,-5.29862,1976.947958,1976.947958,0.00
Path I 15A,I,15,-5.45645,1977.006690,1977.006690,0.00
Path J 28A,J,28,-5.40349,1976.977069,1976.977069,0.00
Path J 29A,J,29,-5.33155,1977.006377,1977.006377,0.00
Path I 16A,I,16,-5.37759,1977.083138,1977.083138,0.00
Path J 30A,J,30,-5.42921,1977.035874,1977.035874,0.00
Path I 17A,I,17,-5.41045,1977.198525,1977.198525,0.00
Path I 18A,I,18,-5.47283,1977.327884,1977.327884,0.00
Path I 19A,I,19,-5.35973,1977.386284,1977.386284,0.00
Path I 20A,I,20,-5.16180,1977.436284,1977.436284,0.00
Path I 21A,I,21,-5.18787,1977.581073,1977.581073,0.00
Path I 22A,I,22,-5.13661,1977.719233,1977.719233,0.00
Path I 23A,I,23,-5.05247,1977.904751,1977.904751,0.00
Path I 24A,I,24,-5.13171,1978.119711,1978.119711,0.00
Path I 25A,I,25,-5.32609,1978.225988,1978.225988,0.00
Path I 26A,I,26,-5.44967,1978.281866,1978.281866,0.00
Path I 27A,I,27,-5.39923,1978.338741,1978.338741,0.00
Path I 28A,I,28,-5.32960,1978.407350,1978.407350,0.00
Path I 29A,I,29,-5.06105,1978.539632,1978.539632,0.00
Path I 30A,I,30,-4.85072,1978.827664,1978.827664,0.00
Path I 31A,I,31,-4.94720,1978.983456,1978.983456,0.00
Path I 32A,I,32,-5.15683,1979.092794,1979.092794,0.00
Path I 33A,I,33,-5.25651,1979.164926,1979.164926,0.00
Path I 34A,I,34,-5.32793,1979.217408,1979.217408,0.00
Path I 35A,I,35,-5.20695,1979.282101,1979.282101,0.00
Path I 36A,I,36,-5.02034,1979.445656,1979.445656,0.00
Path I 37A,I,37,-4.86566,1979.621924,1979.621924,0.00
Path I 38A,I,38,-4.75905,1979.739224,1979.739224,0.00
Path I 39A,I,39,-5.02349,1979.855088,1979.855088,0.00
Path I 40A,I,40,-5.17616,1979.969422,1979.969422,0.00
Path I 41A,I,41,-5.30616,1980.019422,1980.019422,0.00
Path I 42A,I,42,-5.40406,1980.069422,1980.069422,0.00
Path I 43A,I,43,-5.34126,1980.247649,1980.247649,0.00
Path I 44A,I,44,-5.26611,1980.368161,1980.368161,0.00
Path I 45A,I,45,-5.00834,1980.465811,1980.465811,0.00
Path I 46A,I,46,-4.95572,1980.625154,1980.625154,0.00
Path I 47A,I,47,-5.00596,1980.782922,1980.782922,0.00
Path I 48A,I,48,-5.10185,1980.855715,1980.855715,0.00
Path I 49A,I,49,-5.45220,1980.960616,1980.960616,0.00
Path I 50A,I,50,-5.46992,1981.061492,1981.061492,0.00
Path I 51A,I,51,-5.28810,1981.225978,1981.225978,0.00
Path I 52A,I,52,-5.27254,1981.315078,1981.315078,0.00
Path I 53A,I,53,-5.24785,1981.441020,1981.441020,0.00
Path I 54A,I,54,-4.99677,1981.562738,1981.562738,0.00
Path I 55A,I,55,-4.92710,1981.683246,1981.683246,0.00
Path I 56A,I,56,-5.00596,1981.795942,1981.795942,0.00
Path I 57A,I,57,-5.49091,1981.947824,1981.947824,0.00
Path I 58A,I,58,-5.48483,1982.043186,1982.043186,0.00
Path I 59A,I,59,-5.40939,1982.096766,1982.096766,0.00
Path I 60A,I,60,-5.33613,1982.242150,1982.242150,0.00
Path I 61A,I,61,-5.10573,1982.453029,1982.453029,0.00
Path I 62A,I,62,-4.89488,1982.529477,1982.529477,0.00
Path I 63A,I,63,-4.78800,1982.654623,1982.654623,0.00
Path I 64A,I,64,-4.94321,1982.807823,1982.807823,0.00
Path I 65A,I,65,-5.13368,1982.916341,1982.916341,0.00
Path I 66A,I,66,-5.28043,1982.978096,1982.978096,0.00
Path I 67A,I,67,-5.21966,1983.191516,1983.191516,0.00
Path I 68A,I,68,-4.86216,1983.528652,1983.528652,0.00
Path I 69A,I,69,-4.97995,1983.681000,1983.681000,0.00
Path I 70A,I,70,-5.23649,1983.759884,1983.759884,0.00
Path I 71A,I,71,-5.32334,1983.842595,1983.842595,0.00
Path I 72A,I,72,-5.34536,1984.290393,1984.290393,0.00
Path I 73A,I,73,-5.14269,1984.489990,1984.489990,0.00
Path I 74A,I,74,-5.08943,1984.629423,1984.629423,0.00
Path I 75A,I,75,-5.15327,1984.688239,1984.688239,0.00
Path I 76A,I,76,-5.29928,1984.898806,1984.898806,0.00
Path I 77A,I,77,-5.45298,1985.044364,1985.044364,0.00
Path I 78A,I,78,-5.50431,1985.165074,1985.165074,0.00
Path I 79A,I,79,-5.44653,1985.302204,1985.302204,0.00
Path I 80A,I,80,-5.39701,1985.373599,1985.373599,0.00
Path I 81A,I,81,-5.22657,1985.570399,1985.570399,0.00
Path I 82A,I,82,-5.27210,1985.762735,1985.762735,0.00
Path I 83A,I,83,-5.41979,1985.912644,1985.912644,0.00
Path I 84A,I,84,-5.38447,1986.100479,1986.100479,0.00
Path I 85A,I,85,-5.50322,1986.220609,1986.220609,0.00
Path I 86A,I,86,-5.42097,1986.378983,1986.378983,0.00
Path I 87A,I,87,-5.17690,1986.452336,1986.452336,0.00
Path I 88A,I,88,-4.94817,1986.643596,1986.643596,0.00
Path I 89A,I,89,-5.01325,1986.857290,1986.857290,0.00
Path I 90A,I,90,-5.19813,1987.033722,1987.033722,0.00
Path I 91A,I,91,-5.21815,1987.184524,1987.184524,0.00
Path I 92A,I,92,-5.15998,1987.352832,1987.352832,0.00
Path I 93A,I,93,-4.97447,1987.617358,1987.617358,0.00
Path I 94A,I,94,-5.05742,1987.848052,1987.848052,0.00
Path I 95A,I,95,-5.42661,1988.123683,1988.123683,0.00
Path I 96A,I,96,-5.42124,1988.430599,1988.430599,0.00
Path I 97A,I,97,-5.47191,1988.881872,1988.881872,0.00
Path I 98A,I,98,-5.37790,1989.098779,1989.098779,0.00
Path I 99A,I,99,-5.38654,1989.242716,1989.242716,0.00
Path I 100A,I,100,-5.20103,1989.478021,1989.478021,0.00
Path I 101A,I,101,-5.31470,1989.812524,1989.812524,0.00
Path I 102A,I,102,-5.35183,1989.947848,1989.947848,0.00
Path I 103A,I,103,-5.29690,1990.056388,1990.056388,0.00
Path I 104A,I,104,-5.39152,1990.211426,1990.211426,0.00
Path I 105A,I,105,-5.30972,1990.323138,1990.323138,0.00
Path I 106A,I,106,-5.07843,1990.545636,1990.545636,0.00
Path I 107A,I,107,-5.10557,1990.712602,1990.712602,0.00
Path I 108A,I,108,-5.04815,1990.805462,1990.805462,0.00
Path I 109A,I,109,-5.19955,1991.207791,1991.207791,0.00
Path I 110A,I,110,-5.31679,1991.391982,1991.391982,0.00
12 SPL A4 Path H 1A,H,1,-5.29926,1991.407595,1991.407595,0.00
12 SPL A4 Path H 2A,H,2,-5.19223,1991.498106,1991.498106,0.00
Path I 111A,I,111,-5.08983,1991.516110,1991.516110,0.00
12 SPL A4 Path H 3A,H,3,-5.11271,1991.548106,1991.548106,0.00
12 SPL A4 Path H 4A,H,4,-5.05599,1991.600182,1991.600182,0.00
Path I 112A,I,112,-4.92851,1991.729429,1991.729429,0.00
12 SPL A4 Path H 5A,H,5,-5.38921,1991.843812,1991.843812,0.00
12 SPL A4 Path H 6A,H,6,-5.39686,1992.004194,1992.004194,0.00
Path I 113A,I,113,-5.30898,1991.937287,1991.937287,0.00
12 SPL A4 Path H 7A,H,7,-5.47285,1992.101852,1992.101852,0.00
Path I 114A,I,114,-5.15093,1992.106038,1992.106038,0.00
12 SPL A4 Path H 8A,H,8,-5.34010,1992.223159,1992.223159,0.00
Path I 115A,I,115,-4.87650,1992.271127,1992.271127,0.00
12 SPL A4 Path H 9A,H,9,-5.18695,1992.379426,1992.379426,0.00
Path I 116A,I,116,-4.85385,1992.433109,1992.433109,0.00
12 SPL A4 Path H 10A,H,10,-4.93829,1992.600864,1992.600864,0.00
Path I 117A,I,117,-4.92170,1992.600864,1992.600864,0.00
Path I 118A,I,118,-5.03518,1992.782959,1992.782959,0.00
12 SPL A4 Path H 11A,H,11,-4.97009,1992.782959,1992.782959,0.00
12 SPL A4 Path H 12A,H,12,-5.18099,1992.963394,1992.963394,0.00
Path I 119A,I,119,-5.01583,1992.963394,1992.963394,0.00
Path I 120A,I,120,-4.72992,1993.214445,1993.214445,0.00
21 SPL A4 Path H 13A,H,13,-5.18071,1993.321867,1993.321867,0.00
Path I 121A,I,121,-4.85544,1993.465275,1993.465275,0.00
22 SPL A4 Path H 14A,H,14,-4.90352,1993.454664,1993.454664,0.00
Path I 122A,I,122,-4.86972,1993.716857,1993.716857,0.00
23 SPL A4 Path H 15A,H,15,-4.88413,1993.659189,1993.659189,0.00
24 SPL A4 Path H 16A,H,16,-4.91929,1993.861226,1993.861226,0.00
25 SPL A4 Path H 17A,H,17,-5.13910,1993.952051,1993.952051,0.00
26 SPL A4 Path H 18A,H,18,-5.33243,1994.043319,1994.043319,0.00
27 SPL A4 Path H 19A,H,19,-5.25773,1994.292075,1994.292075,0.00
28 SPL A4 Path H 20A,H,20,-5.14619,1994.450806,1994.450806,0.00
29 SPL A4 Path H 21A,H,21,-4.96885,1994.599606,1994.599606,0.00
30 SPL A4 Path H 22A,H,22,-4.82957,1994.743981,1994.743981,0.00
31 SPL A4 Path H 23A,H,23,-4.92453,1994.887150,1994.887150,0.00
32 SPL A4 Path H 24A,H,24,-5.20266,1995.022428,1995.022428,0.00
33 SPL A4 Path H 25A,H,25,-5.48062,1995.148373,1995.148373,0.00
34 SPL A4 Path H 26A,H,26,-5.46837,1995.318958,1995.318958,0.00
35 SPL A4 Path H 27A,H,27,-5.36482,1995.413662,1995.413662,0.00
36 SPL A4 Path H 28A,H,28,-5.17030,1995.529421,1995.529421,0.00
37 SPL A4 Path H 29A,H,29,-5.09958,1995.660178,1995.660178,0.00
38 SPL A4 Path H 30A,H,30,-5.17802,1995.815404,1995.815404,0.00
39 SPL A4 Path H 31A,H,31,-5.21123,1995.917990,1995.917990,0.00
40 SPL A4 Path H 32A,H,32,-5.45778,1996.038442,1996.038442,0.00
40 SPL A4 Path H 33A,H,33,-5.51236,1996.190127,1996.190127,0.00
41 SPL A4 Path H 34A,H,34,-5.29048,1996.324585,1996.324585,0.00
42 SPL A4 Path H 35A,H,35,-5.15587,1996.424112,1996.424112,0.00
43 SPL A4 Path H 36A,H,36,-5.20891,1996.662889,1996.662889,0.00
44 SPL A4 Path H 37A,H,37,-5.28548,1996.730859,1996.730859,0.00
45 SPL A4 Path H 38A,H,38,-5.43187,1996.792614,1996.792614,0.00
46 SPL A4 Path H 39A,H,39,-5.39255,1996.866973,1996.866973,0.00
47 SPL A4 Path H 40A,H,40,-5.26856,1996.963306,1996.963306,0.00
48 SPL A4 Path H 41A,H,41,-5.09455,1997.039071,1997.039071,0.00
49 SPL A4 Path H 42A,H,42,-5.04835,1997.100136,1997.100136,0.00
49 SPL A4 Path H 43A,H,43,-5.10647,1997.167068,1997.167068,0.00
50 SPL A4 Path H 44A,H,44,-5.23291,1997.246454,1997.246454,0.00
51 SPL A4 Path H 45A,H,45,-5.14926,1997.327316,1997.327316,0.00
52 SPL A4 Path H 46A,H,46,-5.09531,1997.412580,1997.412580,0.00
53 SPL A4 Path H 47A,H,47,-4.97693,1997.488252,1997.488252,0.00
54 SPL A4 Path H 48A,H,48,-4.79779,1997.624735,1997.624735,0.00
55 SPL A4 Path H 49A,H,49,-4.78278,1997.706401,1997.706401,0.00
56 SPL A4 Path H 50A,H,50,-4.94583,1997.836310,1997.836310,0.00
57 SPL A4 Path H 51A,H,51,-5.26364,1997.983761,1997.983761,0.00
57 SPL A4 Path H 52A,H,52,-5.19791,1998.069400,1998.069400,0.00
12 SPL A4 Path H 53A,H,53,-5.17461,1998.191413,1998.191413,0.00
12 SPL A4 Path H 54A,H,54,-5.21325,1998.418244,1998.418244,0.00
12 SPL A4 Path H 55A,H,55,-5.11309,1998.585137,1998.585137,0.00
12 SPL A4 Path H 56A,H,56,-5.27272,1998.747430,1998.747430,0.00
12 SPL A4 Path H 57A,H,57,-5.38547,1998.882911,1998.882911,0.00
12 SPL A4 Path H 58A,H,58,-5.32482,1998.968049,1998.968049,0.00
12 SPL A4 Path H 59A,H,59,-5.32045,1999.161097,1999.161097,0.00
12 SPL A4 Path H 60A,H,60,-5.35263,1999.359017,1999.359017,0.00
12 SPL A4 Path H 61A,H,61,-5.18618,1999.447120,1999.447120,0.00
12 SPL A4 Path H 62A,H,62,-5.13257,1999.532392,1999.532392,0.00
12 SPL A4 Path H 63A,H,63,-5.10839,1999.665447,1999.665447,0.00
12 SPL A4 Path H 64A,H,64,-5.40116,1999.900645,1999.900645,0.00
12 SPL A4 Path H 65A,H,65,-5.28365,2000.113680,2000.113680,0.00
12 SPL A4 Path H 66A,H,66,-5.44211,2000.196006,2000.196006,0.00
12 SPL A4 Path H 67A,H,67,-5.27141,2000.331758,2000.331758,0.00
12 SPL A4 Path H 68A,H,68,-5.11642,2000.477680,2000.477680,0.00
12 SPL A4 Path H 69A,H,69,-5.19144,2000.776439,2000.776439,0.00
12 SPL A4 Path H 70A,H,70,-5.33049,2000.851952,2000.851952,0.00
12 SPL A4 Path H 71A,H,71,-5.42011,2000.936024,2000.936024,0.00
12 SPL A4 Path H 72A,H,72,-5.52008,2001.022784,2001.022784,0.00
12 SPL A4 Path H 73A,H,73,-5.52949,2001.131170,2001.131170,0.00
12 SPL A4 Path H 74A,H,74,-5.28386,2001.181170,2001.181170,0.00
12 SPL A4 Path H 75A,H,75,-5.22865,2001.413120,2001.413120,0.00
12 SPL A4 Path H 76A,H,76,-5.02264,2001.617381,2001.617381,0.00
12 SPL A4 Path H 77A,H,77,-5.21438,2001.813966,2001.813966,0.00
12 SPL A4 Path H 78A,H,78,-5.33873,2001.863966,2001.863966,0.00
12 SPL A4 Path H 79A,H,79,-5.46329,2001.959156,2001.959156,0.00
12 SPL A4 Path H 80A,H,80,-5.51204,2002.021903,2002.021903,0.00
12 SPL A4 Path H 81A,H,81,-5.48818,2002.105107,2002.105107,0.00
12 SPL A4 Path H 82A,H,82,-5.34079,2002.319732,2002.319732,0.00
12 SPL A4 Path H 83A,H,83,-5.13214,2002.449842,2002.449842,0.00
12 SPL A4 Path H 84A,H,84,-5.16455,2002.524290,2002.524290,0.00
12 SPL A4 Path H 85A,H,85,-5.06172,2002.684182,2002.684182,0.00
12 SPL A4 Path H 86A,H,86,-5.15761,2002.835163,2002.835163,0.00
12 SPL A4 Path H 87A,H,87,-5.32698,2003.021319,2003.021319,0.00
12 SPL A4 Path H 88A,H,88,-5.41281,2003.151554,2003.151554,0.00
12 SPL A4 Path H 89A,H,89,-5.34911,2003.316975,2003.316975,0.00
12 SPL A4 Path H 90A,H,90,-5.34595,2003.455263,2003.455263,0.00
12 SPL A4 Path H 91A,H,91,-5.20488,2003.597104,2003.597104,0.00
12 SPL A4 Path H 92A,H,92,-5.04837,2003.710418,2003.710418,0.00
12 SPL A4 Path H 93A,H,93,-5.37635,2003.915712,2003.915712,0.00
12 SPL A4 Path H 94A,H,94,-5.51260,2004.022672,2004.022672,0.00
12 SPL A4 Path H 95A,H,95,-5.60181,2004.131635,2004.131635,0.00
12 SPL A4 Path H 96A,H,96,-5.34310,2004.290045,2004.290045,0.00
12 SPL A4 Path H 97A,H,97,-5.21704,2004.415685,2004.415685,0.00
12 SPL A4 Path H 98A,H,98,-4.97568,2004.650257,2004.650257,0.00
12 SPL A4 Path H 99A,H,99,-5.01535,2004.798756,2004.798756,0.00
12 SPL A4 Path H 100A,H,100,-5.25961,2004.886929,2004.886929,0.00
12 SPL A4 Path H 101A,H,101,-5.50722,2005.026785,2005.026785,0.00
12 SPL A4 Path H 102A,H,102,-5.41797,2005.136382,2005.136382,0.00
12 SPL A4 Path H 103A,H,103,-5.38228,2005.263080,2005.263080,0.00
12 SPL A4 Path H 104A,H,104,-5.37036,2005.392526,2005.392526,0.00
12 SPL A4 Path H 105A,H,105,-5.07458,2005.683748,2005.683748,0.00
12 SPL A4 Path H 106A,H,106,-5.29980,2005.851000,2005.851000,0.00
12 SPL A4 Path H 107A,H,107,-5.39634,2006.100569,2006.100569,0.00
12 SPL A4 Path H 108A,H,108,-5.56132,2006.267154,2006.267154,0.00
12 SPL A4 Path H 109A,H,109,-5.54512,2006.398534,2006.398534,0.00
12 SPL A4 Path H 110A,H,110,-5.51775,2006.505172,2006.505172,0.00
12 SPL A4 Path H 111A,H,111,-5.35927,2006.555172,2006.555172,0.00
12 SPL A4 Path H 112A,H,112,-5.20170,2006.617527,2006.617527,0.00
12 SPL A4 Path H 113A,H,113,-5.15891,2006.670279,2006.670279,0.00

# SNAPSHOTS
# 1,Snap 1,r_post=0.7288,r_pre=0.4708
# 2,Snap 2,r_post=0.7288,r_pre=0.4403
# 3,Snap 3,r_post=0.7288,r_pre=0.4628
# 4,Snap 4,r_post=0.7288,r_pre=0.4628
# 5,Snap 5,r_post=0.7288,r_pre=0.4628
